Workbook

Sheet AAPL DATA
B2: AAPL
B3: Date | C3: Open | D3: High | E3: Low | F3: Close | G3: Volume
B4: 01/03/2023 16:00:00 | C4: 146.83 | D4: 147.23 | E4: 145.01 | F4: 145.31 | G4: 55478991
B5: 02/03/2023 16:00:00 | C5: 144.38 | D5: 146.71 | E5: 143.9 | F5: 145.91 | G5: 52279761
B6: 03/03/2023 16:00:00 | C6: 148.04 | D6: 151.11 | E6: 147.33 | F6: 151.03 | G6: 70732297
B7: 06/03/2023 16:00:00 | C7: 153.79 | D7: 156.3 | E7: 153.46 | F7: 153.83 | G7: 87558028
B8: 07/03/2023 16:00:00 | C8: 153.7 | D8: 154.03 | E8: 151.13 | F8: 151.6 | G8: 56182028
B9: 08/03/2023 16:00:00 | C9: 152.81 | D9: 153.47 | E9: 151.83 | F9: 152.87 | G9: 47204791
B10: 09/03/2023 16:00:00 | C10: 153.56 | D10: 154.54 | E10: 150.23 | F10: 150.59 | G10: 53833582
B11: 10/03/2023 16:00:00 | C11: 150.21 | D11: 150.94 | E11: 147.61 | F11: 148.5 | G11: 68572400
B12: 13/03/2023 16:00:00 | C12: 147.81 | D12: 153.14 | E12: 147.7 | F12: 150.47 | G12: 84457122
B13: 14/03/2023 16:00:00 | C13: 151.28 | D13: 153.4 | E13: 150.1 | F13: 152.59 | G13: 73695893
B14: 15/03/2023 16:00:00 | C14: 151.19 | D14: 153.25 | E14: 149.92 | F14: 152.99 | G14: 77167866
B15: 16/03/2023 16:00:00 | C15: 152.16 | D15: 156.46 | E15: 151.64 | F15: 155.85 | G15: 76254419
... B505: 28/02/2025 16:00:00 | C505: 236.95 | D505: 242.09 | E505: 230.2 | F505: 241.84 | G505: 56833360

Sheet AMZN DATA
B1: AMZN
B2: Date | C2: Open | D2: High | E2: Low | F2: Close | G2: Volume
B3: 01/03/2023 16:00:00 | C3: 93.87 | D3: 94.68 | E3: 91.59 | F3: 92.17 | G3: 52299524
B4: 02/03/2023 16:00:00 | C4: 91.41 | D4: 92.23 | E4: 90.39 | F4: 92.13 | G4: 55574820
B5: 03/03/2023 16:00:00 | C5: 92.74 | D5: 94.94 | E5: 92.66 | F5: 94.9 | G5: 55759609
B6: 06/03/2023 16:00:00 | C6: 95.19 | D6: 96.55 | E6: 93.74 | F6: 93.75 | G6: 52112355
B7: 07/03/2023 16:00:00 | C7: 94.06 | D7: 95.09 | E7: 92.78 | F7: 93.55 | G7: 49100668
B8: 08/03/2023 16:00:00 | C8: 93.6 | D8: 94.17 | E8: 92.18 | F8: 93.92 | G8: 44899128
B9: 09/03/2023 16:00:00 | C9: 93.68 | D9: 96.21 | E9: 92.18 | F9: 92.25 | G9: 56218705
B10: 10/03/2023 16:00:00 | C10: 92.67 | D10: 93.57 | E10: 90.25 | F10: 90.73 | G10: 69827490
B11: 13/03/2023 16:00:00 | C11: 89.97 | D11: 94.02 | E11: 88.12 | F11: 92.43 | G11: 72397053
B12: 14/03/2023 16:00:00 | C12: 93.83 | D12: 95.07 | E12: 92.71 | F12: 94.88 | G12: 60912674
B13: 15/03/2023 16:00:00 | C13: 93.22 | D13: 96.67 | E13: 93.07 | F13: 96.2 | G13: 70731792
B14: 16/03/2023 16:00:00 | C14: 95.75 | D14: 100.99 | E14: 95.61 | F14: 100.04 | G14: 84558934
... B504: 28/02/2025 16:00:00 | C504: 208.65 | D504: 212.62 | E504: 206.99 | F504: 212.28 | G504: 51771737

Sheet CVX DATA
B2: CVX
B3: Date | C3: Open | D3: High | E3: Low | F3: Close | G3: Volume
B4: 01/03/2023 16:00:00 | C4: 160.92 | D4: 163.59 | E4: 160.59 | F4: 162.05 | G4: 7470391
B5: 02/03/2023 16:00:00 | C5: 161.98 | D5: 163.49 | E5: 161.59 | F5: 162.56 | G5: 5582097
B6: 03/03/2023 16:00:00 | C6: 160.87 | D6: 165.58 | E6: 160.42 | F6: 164.96 | G6: 6007546
B7: 06/03/2023 16:00:00 | C7: 164.34 | D7: 166.8 | E7: 163.81 | F7: 166.17 | G7: 7703600
B8: 07/03/2023 16:00:00 | C8: 165.7 | D8: 166.6 | E8: 163.58 | F8: 164.03 | G8: 7392967
B9: 08/03/2023 16:00:00 | C9: 163.23 | D9: 165.29 | E9: 161.38 | F9: 162.99 | G9: 5435819
B10: 09/03/2023 16:00:00 | C10: 163.79 | D10: 165.49 | E10: 160.19 | F10: 160.51 | G10: 6214745
B11: 10/03/2023 16:00:00 | C11: 160.94 | D11: 164.67 | E11: 158.67 | F11: 159.67 | G11: 7385803
B12: 13/03/2023 16:00:00 | C12: 156.44 | D12: 160.95 | E12: 153.8 | F12: 158.71 | G12: 10106133
B13: 14/03/2023 16:00:00 | C13: 158.26 | D13: 164.02 | E13: 157.88 | F13: 160.76 | G13: 10035193
B14: 15/03/2023 16:00:00 | C14: 155.59 | D14: 157.95 | E14: 152.01 | F14: 153.8 | G14: 14063141
B15: 16/03/2023 16:00:00 | C15: 150.16 | D15: 155.47 | E15: 149.91 | F15: 154.29 | G15: 12852173
... B505: 28/02/2025 16:00:00 | C505: 156.7 | D505: 158.67 | E505: 154.92 | F505: 158.62 | G505: 8828547

Sheet WDC DATA
B2: WDC
B3: Date | C3: Open | D3: High | E3: Low | F3: Close | G3: Volume
B4: 01/03/2023 16:00:00 | C4: 29.19 | D4: 29.36 | E4: 28.71 | F4: 28.81 | G4: 3631862
B5: 02/03/2023 16:00:00 | C5: 28.6 | D5: 29.12 | E5: 28.1 | F5: 29.01 | G5: 2590690
B6: 03/03/2023 16:00:00 | C6: 29.03 | D6: 29.33 | E6: 28.88 | F6: 29.17 | G6: 2261242
B7: 06/03/2023 16:00:00 | C7: 29.3 | D7: 29.36 | E7: 28.47 | F7: 28.56 | G7: 6189265
B8: 07/03/2023 16:00:00 | C8: 28.45 | D8: 28.55 | E8: 28 | F8: 28.2 | G8: 4126948
B9: 08/03/2023 16:00:00 | C9: 28.3 | D9: 28.67 | E9: 28.14 | F9: 28.65 | G9: 2463445
B10: 09/03/2023 16:00:00 | C10: 28.65 | D10: 28.98 | E10: 28 | F10: 28.01 | G10: 2663292
B11: 10/03/2023 16:00:00 | C11: 27.94 | D11: 28 | E11: 27.03 | F11: 27.26 | G11: 5367756
B12: 13/03/2023 16:00:00 | C12: 26.66 | D12: 27.07 | E12: 26.08 | F12: 26.7 | G12: 8292159
B13: 14/03/2023 16:00:00 | C13: 27.3 | D13: 27.49 | E13: 26.42 | F13: 26.67 | G13: 3995548
B14: 15/03/2023 16:00:00 | C14: 25.96 | D14: 26.42 | E14: 25.61 | F14: 25.99 | G14: 4433619
B15: 16/03/2023 16:00:00 | C15: 25.59 | D15: 26.82 | E15: 25.51 | F15: 26.71 | G15: 4931336
... B505: 28/02/2025 16:00:00 | C505: 48.33 | D505: 50.08 | E505: 48 | F505: 48.93 | G505: 9268624

Sheet MA DATA
B2: MA
B3: Date | C3: Open | D3: High | E3: Low | F3: Close | G3: Volume
B4: 01/03/2023 16:00:00 | C4: 354 | D4: 355.31 | E4: 349.39 | F4: 353.5 | G4: 1968084
B5: 02/03/2023 16:00:00 | C5: 353.63 | D5: 356.62 | E5: 351.69 | F5: 355.57 | G5: 2526001
B6: 03/03/2023 16:00:00 | C6: 358.12 | D6: 361.69 | E6: 357.09 | F6: 361.5 | G6: 2174952
B7: 06/03/2023 16:00:00 | C7: 361.82 | D7: 368.53 | E7: 361.26 | F7: 366.93 | G7: 2789640
B8: 07/03/2023 16:00:00 | C8: 367.17 | D8: 369.15 | E8: 359.55 | F8: 359.94 | G8: 1660771
B9: 08/03/2023 16:00:00 | C9: 358.61 | D9: 361.7 | E9: 357.28 | F9: 359.03 | G9: 1634442
B10: 09/03/2023 16:00:00 | C10: 359.25 | D10: 364.02 | E10: 353.91 | F10: 354.44 | G10: 2414831
B11: 10/03/2023 16:00:00 | C11: 352.41 | D11: 353.05 | E11: 345.23 | F11: 347.11 | G11: 3176505
B12: 13/03/2023 16:00:00 | C12: 343.63 | D12: 349.86 | E12: 340.21 | F12: 344.71 | G12: 3308396
B13: 14/03/2023 16:00:00 | C13: 351 | D13: 356.11 | E13: 348.56 | F13: 352.82 | G13: 3413323
B14: 15/03/2023 16:00:00 | C14: 346.05 | D14: 348.4 | E14: 343.64 | F14: 348.08 | G14: 3082755
B15: 16/03/2023 16:00:00 | C15: 346.62 | D15: 348.69 | E15: 340.28 | F15: 348 | G15: 3768216
... B505: 28/02/2025 16:00:00 | C505: 567.3 | D505: 576.43 | E505: 564 | F505: 576.31 | G505: 3205380

Sheet CEG DATA
B2: CEG
B3: Date | C3: Open | D3: High | E3: Low | F3: Close | G3: Volume
B4: 01/03/2023 16:00:00 | C4: 74.13 | D4: 75.39 | E4: 72.83 | F4: 74.35 | G4: 2594368
B5: 02/03/2023 16:00:00 | C5: 74.13 | D5: 76.73 | E5: 74 | F5: 76.18 | G5: 1949886
B6: 03/03/2023 16:00:00 | C6: 76.23 | D6: 79.2 | E6: 76 | F6: 78.98 | G6: 2304756
B7: 06/03/2023 16:00:00 | C7: 78.36 | D7: 78.88 | E7: 77.35 | F7: 78.8 | G7: 2294999
B8: 07/03/2023 16:00:00 | C8: 79.07 | D8: 79.07 | E8: 77.32 | F8: 77.9 | G8: 2203903
B9: 08/03/2023 16:00:00 | C9: 77.75 | D9: 78.45 | E9: 77.1 | F9: 78.07 | G9: 1261563
B10: 09/03/2023 16:00:00 | C10: 78.04 | D10: 80.19 | E10: 77.4 | F10: 78.64 | G10: 3110895
B11: 10/03/2023 16:00:00 | C11: 79.19 | D11: 79.78 | E11: 77.24 | F11: 77.55 | G11: 2895697
B12: 13/03/2023 16:00:00 | C12: 76.93 | D12: 78.61 | E12: 76.49 | F12: 77.1 | G12: 2242432
B13: 14/03/2023 16:00:00 | C13: 77.5 | D13: 79.1 | E13: 77.17 | F13: 77.93 | G13: 2142804
B14: 15/03/2023 16:00:00 | C14: 77.29 | D14: 77.88 | E14: 76.35 | F14: 77.33 | G14: 1956990
B15: 16/03/2023 16:00:00 | C15: 76.62 | D15: 79.04 | E15: 76.03 | F15: 78.43 | G15: 1966454
... B505: 28/02/2025 16:00:00 | C505: 246.42 | D505: 251.54 | E505: 241.61 | F505: 250.55 | G505: 6029597

Sheet % Change over timeframe
B1: AAPL | F1: AMZN | J1: CVX | N1: WDC | R1: MA | W1: CEG
B2: Day | C2: Close $ | D2: % Change DOD | F2: Day | G2: Close $ | H2: % Change DOD | J2: Day | K2: Close $ | L2: % Change DOD | N2: Day | O2: Close $ | P2: % Change DOD | R2: Day | S2: Close $ | T2: % Change DOD | W2: Day | X2: Close $ | Y2: % Change DOD
B3: ='CEG DATA'!B4 -> 01/03/2023 16:00:00 | C3: ='AAPL DATA'!F4 -> 145.31 | D3: =LN(C3/147.23) -> -0.013126599 | F3: =B3 -> 01/03/2023 16:00:00 | G3: ='AMZN DATA'!F3 -> 92.17 | H3: =LN(92.17/94.23) -> -0.022103904 | J3: =F3 -> 01/03/2023 16:00:00 | K3: ='CVX DATA'!F4 -> 162.05 | L3: =LN(K3/160.77) -> 0.0079301574 | N3: =J3 -> 01/03/2023 16:00:00 | O3: ='WDC DATA'!F4 -> 28.81 | P3: =LN(O3/29.09) -> -0.0096719234 | R3: =N3 -> 01/03/2023 16:00:00 | S3: ='MA DATA'!F4 -> 353.5 | T3: =LN(S3/355.29) -> -0.0050508721 | W3: =R3 -> 01/03/2023 16:00:00 | X3: ='CEG DATA'!F4 -> 74.35 | Y3: =LN(74.35/74.89) -> -0.0072366974
B4: ='CEG DATA'!B5 -> 02/03/2023 16:00:00 | C4: ='AAPL DATA'!F5 -> 145.91 | D4: =LN(C4/C3) -> 0.0041206019 | F4: =B4 -> 02/03/2023 16:00:00 | G4: ='AMZN DATA'!F4 -> 92.13 | H4: =LN(G4/G3) -> -0.00043407488 | J4: =F4 -> 02/03/2023 16:00:00 | K4: ='CVX DATA'!F5 -> 162.56 | L4: =LN(K4/K3) -> 0.0031422348 | N4: =J4 -> 02/03/2023 16:00:00 | O4: ='WDC DATA'!F5 -> 29.01 | P4: =LN(O4/O3) -> 0.006918049 | R4: =N4 -> 02/03/2023 16:00:00 | S4: ='MA DATA'!F5 -> 355.57 | T4: =LN(S4/S3) -> 0.0058386503 | W4: =R4 -> 02/03/2023 16:00:00 | X4: ='CEG DATA'!F5 -> 76.18 | Y4: =LN(X4/X3) -> 0.024315288
B5: ='CEG DATA'!B6 -> 03/03/2023 16:00:00 | C5: ='AAPL DATA'!F6 -> 151.03 | D5: =LN(C5/C4) -> 0.034488499 | F5: =B5 -> 03/03/2023 16:00:00 | G5: ='AMZN DATA'!F5 -> 94.9 | H5: =LN(G5/G4) -> 0.029623082 | J5: =F5 -> 03/03/2023 16:00:00 | K5: ='CVX DATA'!F6 -> 164.96 | L5: =LN(K5/K4) -> 0.014655856 | N5: =J5 -> 03/03/2023 16:00:00 | O5: ='WDC DATA'!F6 -> 29.17 | P5: =LN(O5/O4) -> 0.0055001857 | R5: =N5 -> 03/03/2023 16:00:00 | S5: ='MA DATA'!F6 -> 361.5 | T5: =LN(S5/S4) -> 0.016539906 | W5: =R5 -> 03/03/2023 16:00:00 | X5: ='CEG DATA'!F6 -> 78.98 | Y5: =LN(X5/X4) -> 0.036095695
B6: ='CEG DATA'!B7 -> 06/03/2023 16:00:00 | C6: ='AAPL DATA'!F7 -> 153.83 | D6: =LN(C6/C5) -> 0.018369604 | F6: =B6 -> 06/03/2023 16:00:00 | G6: ='AMZN DATA'!F6 -> 93.75 | H6: =LN(G6/G5) -> -0.012192041 | J6: =F6 -> 06/03/2023 16:00:00 | K6: ='CVX DATA'!F7 -> 166.17 | L6: =LN(K6/K5) -> 0.0073083404 | N6: =J6 -> 06/03/2023 16:00:00 | O6: ='WDC DATA'!F7 -> 28.56 | P6: =LN(O6/O5) -> -0.021133646 | R6: =N6 -> 06/03/2023 16:00:00 | S6: ='MA DATA'!F7 -> 366.93 | T6: =LN(S6/S5) -> 0.014909053 | W6: =R6 -> 06/03/2023 16:00:00 | X6: ='CEG DATA'!F7 -> 78.8 | Y6: =LN(X6/X5) -> -0.002281659
B7: ='CEG DATA'!B8 -> 07/03/2023 16:00:00 | C7: ='AAPL DATA'!F8 -> 151.6 | D7: =LN(C7/C6) -> -0.014602623 | F7: =B7 -> 07/03/2023 16:00:00 | G7: ='AMZN DATA'!F7 -> 93.55 | H7: =LN(G7/G6) -> -0.0021356121 | J7: =F7 -> 07/03/2023 16:00:00 | K7: ='CVX DATA'!F8 -> 164.03 | L7: =LN(K7/K6) -> -0.012962023 | N7: =J7 -> 07/03/2023 16:00:00 | O7: ='WDC DATA'!F8 -> 28.2 | P7: =LN(O7/O6) -> -0.01268516 | R7: =N7 -> 07/03/2023 16:00:00 | S7: ='MA DATA'!F8 -> 359.94 | T7: =LN(S7/S6) -> -0.019233743 | W7: =R7 -> 07/03/2023 16:00:00 | X7: ='CEG DATA'!F8 -> 77.9 | Y7: =LN(X7/X6) -> -0.011487044
B8: ='CEG DATA'!B9 -> 08/03/2023 16:00:00 | C8: ='AAPL DATA'!F9 -> 152.87 | D8: =LN(C8/C7) -> 0.0083424138 | F8: =B8 -> 08/03/2023 16:00:00 | G8: ='AMZN DATA'!F8 -> 93.92 | H8: =LN(G8/G7) -> 0.0039473034 | J8: =F8 -> 08/03/2023 16:00:00 | K8: ='CVX DATA'!F9 -> 162.99 | L8: =LN(K8/K7) -> -0.0063604887 | N8: =J8 -> 08/03/2023 16:00:00 | O8: ='WDC DATA'!F9 -> 28.65 | P8: =LN(O8/O7) -> 0.015831465 | R8: =N8 -> 08/03/2023 16:00:00 | S8: ='MA DATA'!F9 -> 359.03 | T8: =LN(S8/S7) -> -0.0025314004 | W8: =R8 -> 08/03/2023 16:00:00 | X8: ='CEG DATA'!F9 -> 78.07 | Y8: =LN(X8/X7) -> 0.0021799073
B9: ='CEG DATA'!B10 -> 09/03/2023 16:00:00 | C9: ='AAPL DATA'!F10 -> 150.59 | D9: =LN(C9/C8) -> -0.015026975 | F9: =B9 -> 09/03/2023 16:00:00 | G9: ='AMZN DATA'!F9 -> 92.25 | H9: =LN(G9/G8) -> -0.017941073 | J9: =F9 -> 09/03/2023 16:00:00 | K9: ='CVX DATA'!F10 -> 160.51 | L9: =LN(K9/K8) -> -0.015332603 | N9: =J9 -> 09/03/2023 16:00:00 | O9: ='WDC DATA'!F10 -> 28.01 | P9: =LN(O9/O8) -> -0.022591854 | R9: =N9 -> 09/03/2023 16:00:00 | S9: ='MA DATA'!F10 -> 354.44 | T9: =LN(S9/S8) -> -0.012866871 | W9: =R9 -> 09/03/2023 16:00:00 | X9: ='CEG DATA'!F10 -> 78.64 | Y9: =LN(X9/X8) -> 0.0072746157
B10: ='CEG DATA'!B11 -> 10/03/2023 16:00:00 | C10: ='AAPL DATA'!F11 -> 148.5 | D10: =LN(C10/C9) -> -0.013975954 | F10: =B10 -> 10/03/2023 16:00:00 | G10: ='AMZN DATA'!F10 -> 90.73 | H10: =LN(G10/G9) -> -0.01661422 | J10: =F10 -> 10/03/2023 16:00:00 | K10: ='CVX DATA'!F11 -> 159.67 | L10: =LN(K10/K9) -> -0.0052470606 | N10: =J10 -> 10/03/2023 16:00:00 | O10: ='WDC DATA'!F11 -> 27.26 | P10: =LN(O10/O9) -> -0.027141163 | R10: =N10 -> 10/03/2023 16:00:00 | S10: ='MA DATA'!F11 -> 347.11 | T10: =LN(S10/S9) -> -0.020897347 | W10: =R10 -> 10/03/2023 16:00:00 | X10: ='CEG DATA'!F11 -> 77.55 | Y10: =LN(X10/X9) -> -0.013957586
B11: ='CEG DATA'!B12 -> 13/03/2023 16:00:00 | C11: ='AAPL DATA'!F12 -> 150.47 | D11: =LN(C11/C10) -> 0.013178771 | F11: =B11 -> 13/03/2023 16:00:00 | G11: ='AMZN DATA'!F11 -> 92.43 | H11: =LN(G11/G10) -> 0.018563538 | J11: =F11 -> 13/03/2023 16:00:00 | K11: ='CVX DATA'!F12 -> 158.71 | L11: =LN(K11/K10) -> -0.0060305478 | N11: =J11 -> 13/03/2023 16:00:00 | O11: ='WDC DATA'!F12 -> 26.7 | P11: =LN(O11/O10) -> -0.020756861 | R11: =N11 -> 13/03/2023 16:00:00 | S11: ='MA DATA'!F12 -> 344.71 | T11: =LN(S11/S10) -> -0.0069382488 | W11: =R11 -> 13/03/2023 16:00:00 | X11: ='CEG DATA'!F12 -> 77.1 | Y11: =LN(X11/X10) -> -0.0058196091
B12: ='CEG DATA'!B13 -> 14/03/2023 16:00:00 | C12: ='AAPL DATA'!F13 -> 152.59 | D12: =LN(C12/C11) -> 0.013990857 | F12: =B12 -> 14/03/2023 16:00:00 | G12: ='AMZN DATA'!F12 -> 94.88 | H12: =LN(G12/G11) -> 0.026161334 | J12: =F12 -> 14/03/2023 16:00:00 | K12: ='CVX DATA'!F13 -> 160.76 | L12: =LN(K12/K11) -> 0.012833932 | N12: =J12 -> 14/03/2023 16:00:00 | O12: ='WDC DATA'!F13 -> 26.67 | P12: =LN(O12/O11) -> -0.0011242272 | R12: =N12 -> 14/03/2023 16:00:00 | S12: ='MA DATA'!F13 -> 352.82 | T12: =LN(S12/S11) -> 0.023254528 | W12: =R12 -> 14/03/2023 16:00:00 | X12: ='CEG DATA'!F13 -> 77.93 | Y12: =LN(X12/X11) -> 0.010707707
B13: ='CEG DATA'!B14 -> 15/03/2023 16:00:00 | C13: ='AAPL DATA'!F14 -> 152.99 | D13: =LN(C13/C12) -> 0.0026179739 | F13: =B13 -> 15/03/2023 16:00:00 | G13: ='AMZN DATA'!F13 -> 96.2 | H13: =LN(G13/G12) -> 0.013816422 | J13: =F13 -> 15/03/2023 16:00:00 | K13: ='CVX DATA'!F14 -> 153.8 | L13: =LN(K13/K12) -> -0.044259513 | N13: =J13 -> 15/03/2023 16:00:00 | O13: ='WDC DATA'!F14 -> 25.99 | P13: =LN(O13/O12) -> -0.02582749 | R13: =N13 -> 15/03/2023 16:00:00 | S13: ='MA DATA'!F14 -> 348.08 | T13: =LN(S13/S12) -> -0.013525673 | W13: =R13 -> 15/03/2023 16:00:00 | X13: ='CEG DATA'!F14 -> 77.33 | Y13: =LN(X13/X12) -> -0.0077290092
B14: ='CEG DATA'!B15 -> 16/03/2023 16:00:00 | C14: ='AAPL DATA'!F15 -> 155.85 | D14: =LN(C14/C13) -> 0.018521446 | F14: =B14 -> 16/03/2023 16:00:00 | G14: ='AMZN DATA'!F14 -> 100.04 | H14: =LN(G14/G13) -> 0.039140748 | J14: =F14 -> 16/03/2023 16:00:00 | K14: ='CVX DATA'!F15 -> 154.29 | L14: =LN(K14/K13) -> 0.0031808914 | N14: =J14 -> 16/03/2023 16:00:00 | O14: ='WDC DATA'!F15 -> 26.71 | P14: =LN(O14/O13) -> 0.027326178 | R14: =N14 -> 16/03/2023 16:00:00 | S14: ='MA DATA'!F15 -> 348 | T14: =LN(S14/S13) -> -0.00022985864 | W14: =R14 -> 16/03/2023 16:00:00 | X14: ='CEG DATA'!F15 -> 78.43 | Y14: =LN(X14/X13) -> 0.014124529
B15: ='CEG DATA'!B16 -> 17/03/2023 16:00:00 | C15: ='AAPL DATA'!F16 -> 155 | D15: =LN(C15/C14) -> -0.0054688893 | F15: =B15 -> 17/03/2023 16:00:00 | G15: ='AMZN DATA'!F15 -> 98.95 | H15: =LN(G15/G14) -> -0.010955434 | J15: =F15 -> 17/03/2023 16:00:00 | K15: ='CVX DATA'!F16 -> 152.34 | L15: =LN(K15/K14) -> -0.012719084 | N15: =J15 -> 17/03/2023 16:00:00 | O15: ='WDC DATA'!F16 -> 26.52 | P15: =LN(O15/O14) -> -0.0071388618 | R15: =N15 -> 17/03/2023 16:00:00 | S15: ='MA DATA'!F16 -> 349.66 | T15: =LN(S15/S14) -> 0.004758774 | W15: =R15 -> 17/03/2023 16:00:00 | X15: ='CEG DATA'!F16 -> 76.77 | Y15: =LN(X15/X14) -> -0.021392568
... B504: ='CEG DATA'!B505 -> 28/02/2025 16:00:00 | C504: ='AAPL DATA'!F505 -> 241.84 | D504: =LN(C504/C503) -> 0.018951187 | F504: =B504 -> 28/02/2025 16:00:00 | G504: ='AMZN DATA'!F504 -> 212.28 | H504: =LN(G504/G503) -> 0.0168167 | J504: =F504 -> 28/02/2025 16:00:00 | K504: ='CVX DATA'!F505 -> 158.62 | L504: =LN(K504/K503) -> 0.012369722 | N504: =J504 -> 28/02/2025 16:00:00 | O504: ='WDC DATA'!F505 -> 48.93 | P504: =LN(O504/O503) -> 0.015031684 | R504: =N504 -> 28/02/2025 16:00:00 | S504: ='MA DATA'!F505 -> 576.31 | T504: =LN(S504/S503) -> 0.020138614 | W504: =R504 -> 28/02/2025 16:00:00 | X504: ='CEG DATA'!F505 -> 250.55 | Y504: =LN(X504/X503) -> 0.0032381247
A505: - | B505: - | C505: - | D505: - | E505: - | F505: - | G505: - | H505: - | I505: - | J505: - | K505: - | L505: - | M505: - | N505: - | O505: - | P505: - | Q505: - | R505: - | S505: - | T505: - | U505: - | V505: - | W505: - | X505: - | Y505: - | AA505: - | AB505: - | AC505: - | AD505: - | AE505: - | AF505: - | AG505: - | AH505: - | AI505: - | AJ505: - | AK505: - | AL505: - | AM505: -

Sheet Correlation Matrix
B3: Date | C3: APPL | D3: AMZN | E3: CVX | F3: WDC | G3: MA | H3: CEG
B4: ='CEG DATA'!B4 -> 01/03/2023 16:00:00 | C4: ='% Change over timeframe'!D3 -> -0.013126599 | D4: ='% Change over timeframe'!H3 -> -0.022103904 | E4: ='% Change over timeframe'!L3 -> 0.0079301574 | F4: ='% Change over timeframe'!P3 -> -0.0096719234 | G4: ='% Change over timeframe'!T3 -> -0.0050508721 | H4: ='% Change over timeframe'!Y3 -> -0.0072366974 | I4: 1 | K4: Closing Price Correlation Mar 2023-Mar 2025
B5: ='CEG DATA'!B5 -> 02/03/2023 16:00:00 | C5: ='% Change over timeframe'!D4 -> 0.0041206019 | D5: ='% Change over timeframe'!H4 -> -0.00043407488 | E5: ='% Change over timeframe'!L4 -> 0.0031422348 | F5: ='% Change over timeframe'!P4 -> 0.006918049 | G5: ='% Change over timeframe'!T4 -> 0.0058386503 | H5: ='% Change over timeframe'!Y4 -> 0.024315288 | I5: =I4+1 -> 2
B6: ='CEG DATA'!B6 -> 03/03/2023 16:00:00 | C6: ='% Change over timeframe'!D5 -> 0.034488499 | D6: ='% Change over timeframe'!H5 -> 0.029623082 | E6: ='% Change over timeframe'!L5 -> 0.014655856 | F6: ='% Change over timeframe'!P5 -> 0.0055001857 | G6: ='% Change over timeframe'!T5 -> 0.016539906 | H6: ='% Change over timeframe'!Y5 -> 0.036095695 | I6: =I5+1 -> 3
B7: ='CEG DATA'!B7 -> 06/03/2023 16:00:00 | C7: ='% Change over timeframe'!D6 -> 0.018369604 | D7: ='% Change over timeframe'!H6 -> -0.012192041 | E7: ='% Change over timeframe'!L6 -> 0.0073083404 | F7: ='% Change over timeframe'!P6 -> -0.021133646 | G7: ='% Change over timeframe'!T6 -> 0.014909053 | H7: ='% Change over timeframe'!Y6 -> -0.002281659 | I7: =I6+1 -> 4
B8: ='CEG DATA'!B8 -> 07/03/2023 16:00:00 | C8: ='% Change over timeframe'!D7 -> -0.014602623 | D8: ='% Change over timeframe'!H7 -> -0.0021356121 | E8: ='% Change over timeframe'!L7 -> -0.012962023 | F8: ='% Change over timeframe'!P7 -> -0.01268516 | G8: ='% Change over timeframe'!T7 -> -0.019233743 | H8: ='% Change over timeframe'!Y7 -> -0.011487044 | I8: =I7+1 -> 5
B9: ='CEG DATA'!B9 -> 08/03/2023 16:00:00 | C9: ='% Change over timeframe'!D8 -> 0.0083424138 | D9: ='% Change over timeframe'!H8 -> 0.0039473034 | E9: ='% Change over timeframe'!L8 -> -0.0063604887 | F9: ='% Change over timeframe'!P8 -> 0.015831465 | G9: ='% Change over timeframe'!T8 -> -0.0025314004 | H9: ='% Change over timeframe'!Y8 -> 0.0021799073 | I9: =I8+1 -> 6
B10: ='CEG DATA'!B10 -> 09/03/2023 16:00:00 | C10: ='% Change over timeframe'!D9 -> -0.015026975 | D10: ='% Change over timeframe'!H9 -> -0.017941073 | E10: ='% Change over timeframe'!L9 -> -0.015332603 | F10: ='% Change over timeframe'!P9 -> -0.022591854 | G10: ='% Change over timeframe'!T9 -> -0.012866871 | H10: ='% Change over timeframe'!Y9 -> 0.0072746157 | I10: =I9+1 -> 7
B11: ='CEG DATA'!B11 -> 10/03/2023 16:00:00 | C11: ='% Change over timeframe'!D10 -> -0.013975954 | D11: ='% Change over timeframe'!H10 -> -0.01661422 | E11: ='% Change over timeframe'!L10 -> -0.0052470606 | F11: ='% Change over timeframe'!P10 -> -0.027141163 | G11: ='% Change over timeframe'!T10 -> -0.020897347 | H11: ='% Change over timeframe'!Y10 -> -0.013957586 | I11: =I10+1 -> 8
B12: ='CEG DATA'!B12 -> 13/03/2023 16:00:00 | C12: ='% Change over timeframe'!D11 -> 0.013178771 | D12: ='% Change over timeframe'!H11 -> 0.018563538 | E12: ='% Change over timeframe'!L11 -> -0.0060305478 | F12: ='% Change over timeframe'!P11 -> -0.020756861 | G12: ='% Change over timeframe'!T11 -> -0.0069382488 | H12: ='% Change over timeframe'!Y11 -> -0.0058196091 | I12: =I11+1 -> 9
B13: ='CEG DATA'!B13 -> 14/03/2023 16:00:00 | C13: ='% Change over timeframe'!D12 -> 0.013990857 | D13: ='% Change over timeframe'!H12 -> 0.026161334 | E13: ='% Change over timeframe'!L12 -> 0.012833932 | F13: ='% Change over timeframe'!P12 -> -0.0011242272 | G13: ='% Change over timeframe'!T12 -> 0.023254528 | H13: ='% Change over timeframe'!Y12 -> 0.010707707 | I13: =I12+1 -> 10
B14: ='CEG DATA'!B14 -> 15/03/2023 16:00:00 | C14: ='% Change over timeframe'!D13 -> 0.0026179739 | D14: ='% Change over timeframe'!H13 -> 0.013816422 | E14: ='% Change over timeframe'!L13 -> -0.044259513 | F14: ='% Change over timeframe'!P13 -> -0.02582749 | G14: ='% Change over timeframe'!T13 -> -0.013525673 | H14: ='% Change over timeframe'!Y13 -> -0.0077290092 | I14: =I13+1 -> 11
B15: ='CEG DATA'!B15 -> 16/03/2023 16:00:00 | C15: ='% Change over timeframe'!D14 -> 0.018521446 | D15: ='% Change over timeframe'!H14 -> 0.039140748 | E15: ='% Change over timeframe'!L14 -> 0.0031808914 | F15: ='% Change over timeframe'!P14 -> 0.027326178 | G15: ='% Change over timeframe'!T14 -> -0.00022985864 | H15: ='% Change over timeframe'!Y14 -> 0.014124529 | I15: =I14+1 -> 12
B16: ='CEG DATA'!B16 -> 17/03/2023 16:00:00 | C16: ='% Change over timeframe'!D15 -> -0.0054688893 | D16: ='% Change over timeframe'!H15 -> -0.010955434 | E16: ='% Change over timeframe'!L15 -> -0.012719084 | F16: ='% Change over timeframe'!P15 -> -0.0071388618 | G16: ='% Change over timeframe'!T15 -> 0.004758774 | H16: ='% Change over timeframe'!Y15 -> -0.021392568 | I16: =I15+1 -> 13
... B505: ='CEG DATA'!B505 -> 28/02/2025 16:00:00 | C505: ='% Change over timeframe'!D504 -> 0.018951187 | D505: ='% Change over timeframe'!H504 -> 0.0168167 | E505: ='% Change over timeframe'!L504 -> 0.012369722 | F505: ='% Change over timeframe'!P504 -> 0.015031684 | G505: ='% Change over timeframe'!T504 -> 0.020138614 | H505: ='% Change over timeframe'!Y504 -> 0.0032381247 | I505: =I504+1 -> 502
B506: - | D506: - | E506: - | F506: - | G506: - | H506: - | I506: - | J506: - | K506: - | L506: - | M506: - | N506: - | P506: - | Q506: -

Sheet EWMA
A1: Parameters
A2: λ = | B2: 0.94
B13: EWMA AAPL | H13: EWMA AMZN | N13: EWMA CVX | T13: EWMA WDC | Z13: EWMA MA | AF13: EWMA CEG | AX13: ='Correlation Matrix'!B506 -> - | AY13: - | AZ13: ='Correlation Matrix'!D506 -> - | BA13: ='Correlation Matrix'!E506 -> - | BB13: ='Correlation Matrix'!F506 -> - | BC13: ='Correlation Matrix'!G506 -> - | BD13: ='Correlation Matrix'!H506 -> - | BE13: ='Correlation Matrix'!I506 -> -
B14: Date | C14: Return | D14: VAR | E14: EWMA Value (Volatility) | H14: Date | I14: Return | J14: VAR | K14: EWMA Value (Volatility) | N14: Date | O14: Return | P14: VAR | Q14: EWMA Value (Volatility) | T14: Date | U14: ='Correlation Matrix'!F3 -> WDC | V14: VAR | W14: EWMA Value (Volatility) | Z14: Date | AA14: Return | AB14: VAR | AC14: EWMA Value (Volatility) | AF14: Date | AG14: Return | AH14: VAR | AI14: EWMA Value (Volatility) | AX14: ='Correlation Matrix'!B505 -> 28/02/2025 16:00:00 | AY14: ='Correlation Matrix'!C505 -> 0.018951187 | AZ14: ='Correlation Matrix'!D505 -> 0.0168167 | BA14: ='Correlation Matrix'!E505 -> 0.012369722 | BB14: ='Correlation Matrix'!F505 -> 0.015031684 | BC14: ='Correlation Matrix'!G505 -> 0.020138614 | BD14: ='Correlation Matrix'!H505 -> 0.0032381247 | BE14: ='Correlation Matrix'!I505 -> 502
B15: ='Correlation Matrix'!B4 -> 01/03/2023 16:00:00 | C15: ='Correlation Matrix'!C4 -> -0.013126599 | E15: =E517 -> 0.015896517 | H15: =B15 -> 01/03/2023 16:00:00 | I15: ='Correlation Matrix'!D4 -> -0.022103904 | J15: =VAR(I15:I516) -> 0.00033304773 | K15: =SQRT(J517) -> 0.016727698 | N15: =H15 -> 01/03/2023 16:00:00 | O15: ='Correlation Matrix'!E4 -> 0.0079301574 | P15: =VAR(O15:O516) -> 0.00017081741 | Q15: =SQRT(P517) -> 0.012346752 | T15: =N15 -> 01/03/2023 16:00:00 | U15: ='Correlation Matrix'!F4 -> -0.0096719234 | V15: =VAR(U15:U516) -> 0.00057531728 | W15: =SQRT(V517) -> 0.028193156 | Z15: =T15 -> 01/03/2023 16:00:00 | AA15: ='Correlation Matrix'!G4 -> -0.0050508721 | AB15: =VAR(AA15:AA516) -> 0.00010757248 | AC15: =SQRT(AB517) -> 0.010605493 | AF15: =Z15 -> 01/03/2023 16:00:00 | AG15: ='Correlation Matrix'!H4 -> -0.0072366974 | AH15: =VAR(AG15:AG516) -> 0.00095877323 | AI15: =SQRT(AH517) -> 0.051277197 | AX15: ='Correlation Matrix'!B504 -> 27/02/2025 16:00:00 | AY15: ='Correlation Matrix'!C504 -> -0.012812636 | AZ15: ='Correlation Matrix'!D504 -> -0.026520735 | BA15: ='Correlation Matrix'!E504 -> 0.0098137473 | BB15: ='Correlation Matrix'!F504 -> -0.039858875 | BC15: ='Correlation Matrix'!G504 -> 0.0063050232 | BD15: ='Correlation Matrix'!H504 -> -0.078519966 | BE15: ='Correlation Matrix'!I504 -> 501
B16: ='Correlation Matrix'!B5 -> 02/03/2023 16:00:00 | C16: ='Correlation Matrix'!C5 -> 0.0041206019 | D16: =VAR(C16:C516) -> 0.00018658142 | H16: =B16 -> 02/03/2023 16:00:00 | I16: ='Correlation Matrix'!D5 -> -0.00043407488 | J16: =$B$2*J15+(1-$B$2)*I15^2 -> 0.00034237982 | N16: =H16 -> 02/03/2023 16:00:00 | O16: ='Correlation Matrix'!E5 -> 0.0031422348 | P16: =$B$2*P15+(1-$B$2)*O15^2 -> 0.00016434161 | T16: =N16 -> 02/03/2023 16:00:00 | U16: ='Correlation Matrix'!F5 -> 0.006918049 | V16: =$B$2*V15+(1-$B$2)*U15^2 -> 0.00054641101 | Z16: =T16 -> 02/03/2023 16:00:00 | AA16: ='Correlation Matrix'!G5 -> 0.0058386503 | AB16: =$B$2*AB15+(1-$B$2)*AA15^2 -> 0.00010264881 | AF16: =Z16 -> 02/03/2023 16:00:00 | AG16: ='Correlation Matrix'!H5 -> 0.024315288 | AH16: =$B$2*AH15+(1-$B$2)*AG15^2 -> 0.00090438902 | AX16: ='Correlation Matrix'!B503 -> 26/02/2025 16:00:00 | AY16: ='Correlation Matrix'!C503 -> -0.027412467 | AZ16: ='Correlation Matrix'!D503 -> 0.0072574356 | BA16: ='Correlation Matrix'!E503 -> -0.0082167621 | BB16: ='Correlation Matrix'!F503 -> 0.021970046 | BC16: ='Correlation Matrix'!G503 -> -0.0049053684 | BD16: ='Correlation Matrix'!H503 -> 0.021817686 | BE16: ='Correlation Matrix'!I503 -> 500
B17: ='Correlation Matrix'!B6 -> 03/03/2023 16:00:00 | C17: ='Correlation Matrix'!C6 -> 0.034488499 | D17: =$B$2*D16+(1-$B$2)*C16^2 -> 0.0001764053 | H17: =B17 -> 03/03/2023 16:00:00 | I17: ='Correlation Matrix'!D6 -> 0.029623082 | J17: =$B$2*J16+(1-$B$2)*I16^2 -> 0.00032184833 | N17: =H17 -> 03/03/2023 16:00:00 | O17: ='Correlation Matrix'!E6 -> 0.014655856 | P17: =$B$2*P16+(1-$B$2)*O16^2 -> 0.00015507353 | T17: =N17 -> 03/03/2023 16:00:00 | U17: ='Correlation Matrix'!F6 -> 0.0055001857 | V17: =$B$2*V16+(1-$B$2)*U16^2 -> 0.00051649792 | Z17: =T17 -> 03/03/2023 16:00:00 | AA17: ='Correlation Matrix'!G6 -> 0.016539906 | AB17: =$B$2*AB16+(1-$B$2)*AA16^2 -> 9.8535272e-05 | AF17: =Z17 -> 03/03/2023 16:00:00 | AG17: ='Correlation Matrix'!H6 -> 0.036095695 | AH17: =$B$2*AH16+(1-$B$2)*AG16^2 -> 0.00088559968 | AX17: ='Correlation Matrix'!B502 -> 25/02/2025 16:00:00 | AY17: ='Correlation Matrix'!C502 -> -0.00024284616 | AZ17: ='Correlation Matrix'!D502 -> 0.00042302179 | BA17: ='Correlation Matrix'!E502 -> -0.0093538909 | BB17: ='Correlation Matrix'!F502 -> 0.001019472 | BC17: ='Correlation Matrix'!G502 -> 0.0089579684 | BD17: ='Correlation Matrix'!H502 -> -0.012819002 | BE17: ='Correlation Matrix'!I502 -> 499
B18: ='Correlation Matrix'!B7 -> 06/03/2023 16:00:00 | C18: ='Correlation Matrix'!C7 -> 0.018369604 | D18: =$B$2*D17+(1-$B$2)*C17^2 -> 0.00023718837 | H18: =B18 -> 06/03/2023 16:00:00 | I18: ='Correlation Matrix'!D7 -> -0.012192041 | J18: =$B$2*J17+(1-$B$2)*I17^2 -> 0.00035518905 | N18: =H18 -> 06/03/2023 16:00:00 | O18: ='Correlation Matrix'!E7 -> 0.0073083404 | P18: =$B$2*P17+(1-$B$2)*O17^2 -> 0.00015865676 | T18: =N18 -> 06/03/2023 16:00:00 | U18: ='Correlation Matrix'!F7 -> -0.021133646 | V18: =$B$2*V17+(1-$B$2)*U17^2 -> 0.00048732316 | Z18: =T18 -> 06/03/2023 16:00:00 | AA18: ='Correlation Matrix'!G7 -> 0.014909053 | AB18: =$B$2*AB17+(1-$B$2)*AA17^2 -> 0.00010903727 | AF18: =Z18 -> 06/03/2023 16:00:00 | AG18: ='Correlation Matrix'!H7 -> -0.002281659 | AH18: =$B$2*AH17+(1-$B$2)*AG17^2 -> 0.00091063765 | AX18: ='Correlation Matrix'!B501 -> 24/02/2025 16:00:00 | AY18: ='Correlation Matrix'!C501 -> 0.0062925205 | AZ18: ='Correlation Matrix'!D501 -> -0.018030259 | BA18: ='Correlation Matrix'!E501 -> 0.0061624667 | BB18: ='Correlation Matrix'!F501 -> -0.05766828 | BC18: ='Correlation Matrix'!G501 -> 0.0026690328 | BD18: ='Correlation Matrix'!H501 -> -0.060580677 | BE18: ='Correlation Matrix'!I501 -> 498
B19: ='Correlation Matrix'!B8 -> 07/03/2023 16:00:00 | C19: ='Correlation Matrix'!C8 -> -0.014602623 | D19: =$B$2*D18+(1-$B$2)*C18^2 -> 0.00024320361 | H19: =B19 -> 07/03/2023 16:00:00 | I19: ='Correlation Matrix'!D8 -> -0.0021356121 | J19: =$B$2*J18+(1-$B$2)*I18^2 -> 0.00034279646 | N19: =H19 -> 07/03/2023 16:00:00 | O19: ='Correlation Matrix'!E8 -> -0.012962023 | P19: =$B$2*P18+(1-$B$2)*O18^2 -> 0.00015234207 | T19: =N19 -> 07/03/2023 16:00:00 | U19: ='Correlation Matrix'!F8 -> -0.01268516 | V19: =$B$2*V18+(1-$B$2)*U18^2 -> 0.00048488163 | Z19: =T19 -> 07/03/2023 16:00:00 | AA19: ='Correlation Matrix'!G8 -> -0.019233743 | AB19: =$B$2*AB18+(1-$B$2)*AA18^2 -> 0.00011583182 | AF19: =Z19 -> 07/03/2023 16:00:00 | AG19: ='Correlation Matrix'!H8 -> -0.011487044 | AH19: =$B$2*AH18+(1-$B$2)*AG18^2 -> 0.00085631175 | AX19: ='Correlation Matrix'!B500 -> 21/02/2025 16:00:00 | AY19: ='Correlation Matrix'!C500 -> -0.0011396476 | AZ19: ='Correlation Matrix'!D500 -> -0.028673516 | BA19: ='Correlation Matrix'!E500 -> -0.011846453 | BB19: ='Correlation Matrix'!F500 -> -0.037048274 | BC19: ='Correlation Matrix'!G500 -> -0.0102964 | BD19: ='Correlation Matrix'!H500 -> -0.084177242 | BE19: ='Correlation Matrix'!I500 -> 497
B20: ='Correlation Matrix'!B9 -> 08/03/2023 16:00:00 | C20: ='Correlation Matrix'!C9 -> 0.0083424138 | D20: =$B$2*D19+(1-$B$2)*C19^2 -> 0.00024140559 | H20: =B20 -> 08/03/2023 16:00:00 | I20: ='Correlation Matrix'!D9 -> 0.0039473034 | J20: =$B$2*J19+(1-$B$2)*I19^2 -> 0.00032250233 | N20: =H20 -> 08/03/2023 16:00:00 | O20: ='Correlation Matrix'!E9 -> -0.0063604887 | P20: =$B$2*P19+(1-$B$2)*O19^2 -> 0.00015328239 | T20: =N20 -> 08/03/2023 16:00:00 | U20: ='Correlation Matrix'!F9 -> 0.015831465 | V20: =$B$2*V19+(1-$B$2)*U19^2 -> 0.00046544353 | Z20: =T20 -> 08/03/2023 16:00:00 | AA20: ='Correlation Matrix'!G9 -> -0.0025314004 | AB20: =$B$2*AB19+(1-$B$2)*AA19^2 -> 0.00013107812 | AF20: =Z20 -> 08/03/2023 16:00:00 | AG20: ='Correlation Matrix'!H9 -> 0.0021799073 | AH20: =$B$2*AH19+(1-$B$2)*AG19^2 -> 0.00081285017 | AX20: ='Correlation Matrix'!B499 -> 20/02/2025 16:00:00 | AY20: ='Correlation Matrix'!C499 -> 0.0039127827 | AZ20: ='Correlation Matrix'!D499 -> -0.016685222 | BA20: ='Correlation Matrix'!E499 -> 0.0098728731 | BB20: ='Correlation Matrix'!F499 -> -0.0027795811 | BC20: ='Correlation Matrix'!G499 -> -0.009224473 | BD20: ='Correlation Matrix'!H499 -> -0.038826598 | BE20: ='Correlation Matrix'!I499 -> 496
B21: ='Correlation Matrix'!B10 -> 09/03/2023 16:00:00 | C21: ='Correlation Matrix'!C10 -> -0.015026975 | D21: =$B$2*D20+(1-$B$2)*C20^2 -> 0.00023109701 | H21: =B21 -> 09/03/2023 16:00:00 | I21: ='Correlation Matrix'!D10 -> -0.017941073 | J21: =$B$2*J20+(1-$B$2)*I20^2 -> 0.00030408706 | N21: =H21 -> 09/03/2023 16:00:00 | O21: ='Correlation Matrix'!E10 -> -0.015332603 | P21: =$B$2*P20+(1-$B$2)*O20^2 -> 0.00014651279 | T21: =N21 -> 09/03/2023 16:00:00 | U21: ='Correlation Matrix'!F10 -> -0.022591854 | V21: =$B$2*V20+(1-$B$2)*U20^2 -> 0.00045255504 | Z21: =T21 -> 09/03/2023 16:00:00 | AA21: ='Correlation Matrix'!G10 -> -0.012866871 | AB21: =$B$2*AB20+(1-$B$2)*AA20^2 -> 0.00012359792 | AF21: =Z21 -> 09/03/2023 16:00:00 | AG21: ='Correlation Matrix'!H10 -> 0.0072746157 | AH21: =$B$2*AH20+(1-$B$2)*AG20^2 -> 0.00076436428 | AX21: ='Correlation Matrix'!B498 -> 19/02/2025 16:00:00 | AY21: ='Correlation Matrix'!C498 -> 0.0016348555 | AZ21: ='Correlation Matrix'!D498 -> -8.8245676e-05 | BA21: ='Correlation Matrix'!E498 -> 0.0068285788 | BB21: ='Correlation Matrix'!F498 -> -0.0075583363 | BC21: ='Correlation Matrix'!G498 -> -0.00019347293 | BD21: ='Correlation Matrix'!H498 -> -0.012143459 | BE21: ='Correlation Matrix'!I498 -> 495
B22: ='Correlation Matrix'!B11 -> 10/03/2023 16:00:00 | C22: ='Correlation Matrix'!C11 -> -0.013975954 | D22: =$B$2*D21+(1-$B$2)*C21^2 -> 0.00023077979 | H22: =B22 -> 10/03/2023 16:00:00 | I22: ='Correlation Matrix'!D11 -> -0.01661422 | J22: =$B$2*J21+(1-$B$2)*I21^2 -> 0.00030515476 | N22: =H22 -> 10/03/2023 16:00:00 | O22: ='Correlation Matrix'!E11 -> -0.0052470606 | P22: =$B$2*P21+(1-$B$2)*O21^2 -> 0.00015182735 | T22: =N22 -> 10/03/2023 16:00:00 | U22: ='Correlation Matrix'!F11 -> -0.027141163 | V22: =$B$2*V21+(1-$B$2)*U21^2 -> 0.00045602525 | Z22: =T22 -> 10/03/2023 16:00:00 | AA22: ='Correlation Matrix'!G11 -> -0.020897347 | AB22: =$B$2*AB21+(1-$B$2)*AA21^2 -> 0.00012611542 | AF22: =Z22 -> 10/03/2023 16:00:00 | AG22: ='Correlation Matrix'!H11 -> -0.013957586 | AH22: =$B$2*AH21+(1-$B$2)*AG21^2 -> 0.00072167763 | AX22: ='Correlation Matrix'!B497 -> 18/02/2025 16:00:00 | AY22: ='Correlation Matrix'!C497 -> -0.00053162125 | AZ22: ='Correlation Matrix'!D497 -> -0.008916669 | BA22: ='Correlation Matrix'!E497 -> 0.0052648597 | BB22: ='Correlation Matrix'!F497 -> 0.05201851 | BC22: ='Correlation Matrix'!G497 -> 0.006793924 | BD22: ='Correlation Matrix'!H497 -> 0.025821936 | BE22: ='Correlation Matrix'!I497 -> 494
B23: ='Correlation Matrix'!B12 -> 13/03/2023 16:00:00 | C23: ='Correlation Matrix'!C12 -> 0.013178771 | D23: =$B$2*D22+(1-$B$2)*C22^2 -> 0.00022865264 | H23: =B23 -> 13/03/2023 16:00:00 | I23: ='Correlation Matrix'!D12 -> 0.018563538 | J23: =$B$2*J22+(1-$B$2)*I22^2 -> 0.00030340741 | N23: =H23 -> 13/03/2023 16:00:00 | O23: ='Correlation Matrix'!E12 -> -0.0060305478 | P23: =$B$2*P22+(1-$B$2)*O22^2 -> 0.00014436961 | T23: =N23 -> 13/03/2023 16:00:00 | U23: ='Correlation Matrix'!F12 -> -0.020756861 | V23: =$B$2*V22+(1-$B$2)*U22^2 -> 0.0004728623 | Z23: =T23 -> 13/03/2023 16:00:00 | AA23: ='Correlation Matrix'!G12 -> -0.0069382488 | AB23: =$B$2*AB22+(1-$B$2)*AA22^2 -> 0.00014475044 | AF23: =Z23 -> 13/03/2023 16:00:00 | AG23: ='Correlation Matrix'!H12 -> -0.0058196091 | AH23: =$B$2*AH22+(1-$B$2)*AG22^2 -> 0.00069006582 | AX23: ='Correlation Matrix'!B496 -> 14/02/2025 16:00:00 | AY23: ='Correlation Matrix'!C496 -> 0.012630534 | AZ23: ='Correlation Matrix'!D496 -> -0.0073630656 | BA23: ='Correlation Matrix'!E496 -> -0.0034702175 | BB23: ='Correlation Matrix'!F496 -> 0.012067099 | BC23: ='Correlation Matrix'!G496 -> -0.0027407693 | BD23: ='Correlation Matrix'!H496 -> 0.018480464 | BE23: ='Correlation Matrix'!I496 -> 493
B24: ='Correlation Matrix'!B13 -> 14/03/2023 16:00:00 | C24: ='Correlation Matrix'!C13 -> 0.013990857 | D24: =$B$2*D23+(1-$B$2)*C23^2 -> 0.00022535428 | H24: =B24 -> 14/03/2023 16:00:00 | I24: ='Correlation Matrix'!D13 -> 0.026161334 | J24: =$B$2*J23+(1-$B$2)*I23^2 -> 0.00030587927 | N24: =H24 -> 14/03/2023 16:00:00 | O24: ='Correlation Matrix'!E13 -> 0.012833932 | P24: =$B$2*P23+(1-$B$2)*O23^2 -> 0.00013788948 | T24: =N24 -> 14/03/2023 16:00:00 | U24: ='Correlation Matrix'!F13 -> -0.0011242272 | V24: =$B$2*V23+(1-$B$2)*U23^2 -> 0.0004703414 | Z24: =T24 -> 14/03/2023 16:00:00 | AA24: ='Correlation Matrix'!G13 -> 0.023254528 | AB24: =$B$2*AB23+(1-$B$2)*AA23^2 -> 0.00013895377 | AF24: =Z24 -> 14/03/2023 16:00:00 | AG24: ='Correlation Matrix'!H13 -> 0.010707707 | AH24: =$B$2*AH23+(1-$B$2)*AG23^2 -> 0.00065069394 | AX24: ='Correlation Matrix'!B495 -> 13/02/2025 16:00:00 | AY24: ='Correlation Matrix'!C495 -> 0.019482222 | AZ24: ='Correlation Matrix'!D495 -> 0.006270432 | BA24: ='Correlation Matrix'!E495 -> 0.006306733 | BB24: ='Correlation Matrix'!F495 -> 0.0043171182 | BC24: ='Correlation Matrix'!G495 -> 0.0030241156 | BD24: ='Correlation Matrix'!H495 -> -0.0073886053 | BE24: ='Correlation Matrix'!I495 -> 492
B25: ='Correlation Matrix'!B14 -> 15/03/2023 16:00:00 | C25: ='Correlation Matrix'!C14 -> 0.0026179739 | D25: =$B$2*D24+(1-$B$2)*C24^2 -> 0.00022357767 | H25: =B25 -> 15/03/2023 16:00:00 | I25: ='Correlation Matrix'!D14 -> 0.013816422 | J25: =$B$2*J24+(1-$B$2)*I24^2 -> 0.00032859143 | N25: =H25 -> 15/03/2023 16:00:00 | O25: ='Correlation Matrix'!E14 -> -0.044259513 | P25: =$B$2*P24+(1-$B$2)*O24^2 -> 0.0001394987 | T25: =N25 -> 15/03/2023 16:00:00 | U25: ='Correlation Matrix'!F14 -> -0.02582749 | V25: =$B$2*V24+(1-$B$2)*U24^2 -> 0.00044219674 | Z25: =T25 -> 15/03/2023 16:00:00 | AA25: ='Correlation Matrix'!G14 -> -0.013525673 | AB25: =$B$2*AB24+(1-$B$2)*AA24^2 -> 0.00016306293 | AF25: =Z25 -> 15/03/2023 16:00:00 | AG25: ='Correlation Matrix'!H14 -> -0.0077290092 | AH25: =$B$2*AH24+(1-$B$2)*AG24^2 -> 0.00061853161 | AX25: ='Correlation Matrix'!B494 -> 12/02/2025 16:00:00 | AY25: ='Correlation Matrix'!C494 -> 0.018105247 | AZ25: ='Correlation Matrix'!D494 -> -0.0165916 | BA25: ='Correlation Matrix'!E494 -> -0.016264686 | BB25: ='Correlation Matrix'!F494 -> -0.024092869 | BC25: ='Correlation Matrix'!G494 -> -0.00017710086 | BD25: ='Correlation Matrix'!H494 -> 0.00070132937 | BE25: ='Correlation Matrix'!I494 -> 491
B26: ='Correlation Matrix'!B15 -> 16/03/2023 16:00:00 | C26: ='Correlation Matrix'!C15 -> 0.018521446 | D26: =$B$2*D25+(1-$B$2)*C25^2 -> 0.00021057423 | H26: =B26 -> 16/03/2023 16:00:00 | I26: ='Correlation Matrix'!D15 -> 0.039140748 | J26: =$B$2*J25+(1-$B$2)*I25^2 -> 0.00032032956 | N26: =H26 -> 16/03/2023 16:00:00 | O26: ='Correlation Matrix'!E15 -> 0.0031808914 | P26: =$B$2*P25+(1-$B$2)*O25^2 -> 0.00024866305 | T26: =N26 -> 16/03/2023 16:00:00 | U26: ='Correlation Matrix'!F15 -> 0.027326178 | V26: =$B$2*V25+(1-$B$2)*U25^2 -> 0.00045568849 | Z26: =T26 -> 16/03/2023 16:00:00 | AA26: ='Correlation Matrix'!G15 -> -0.00022985864 | AB26: =$B$2*AB25+(1-$B$2)*AA25^2 -> 0.00016425579 | AF26: =Z26 -> 16/03/2023 16:00:00 | AG26: ='Correlation Matrix'!H15 -> 0.014124529 | AH26: =$B$2*AH25+(1-$B$2)*AG25^2 -> 0.00058500397 | AX26: ='Correlation Matrix'!B493 -> 11/02/2025 16:00:00 | AY26: ='Correlation Matrix'!C493 -> 0.021596859 | AZ26: ='Correlation Matrix'!D493 -> -0.0016312517 | BA26: ='Correlation Matrix'!E493 -> 0.010663873 | BB26: ='Correlation Matrix'!F493 -> -0.0019179139 | BC26: ='Correlation Matrix'!G493 -> -0.0013979953 | BD26: ='Correlation Matrix'!H493 -> -0.025968945 | BE26: ='Correlation Matrix'!I493 -> 490
B27: ='Correlation Matrix'!B16 -> 17/03/2023 16:00:00 | C27: ='Correlation Matrix'!C16 -> -0.0054688893 | D27: =$B$2*D26+(1-$B$2)*C26^2 -> 0.00021852242 | H27: =B27 -> 17/03/2023 16:00:00 | I27: ='Correlation Matrix'!D16 -> -0.010955434 | J27: =$B$2*J26+(1-$B$2)*I26^2 -> 0.00039302968 | N27: =H27 -> 17/03/2023 16:00:00 | O27: ='Correlation Matrix'!E16 -> -0.012719084 | P27: =$B$2*P26+(1-$B$2)*O26^2 -> 0.00023435035 | T27: =N27 -> 17/03/2023 16:00:00 | U27: ='Correlation Matrix'!F16 -> -0.0071388618 | V27: =$B$2*V26+(1-$B$2)*U26^2 -> 0.00047315039 | Z27: =T27 -> 17/03/2023 16:00:00 | AA27: ='Correlation Matrix'!G16 -> 0.004758774 | AB27: =$B$2*AB26+(1-$B$2)*AA26^2 -> 0.00015440361 | AF27: =Z27 -> 17/03/2023 16:00:00 | AG27: ='Correlation Matrix'!H16 -> -0.021392568 | AH27: =$B$2*AH26+(1-$B$2)*AG26^2 -> 0.00056187387 | AX27: ='Correlation Matrix'!B492 -> 10/02/2025 16:00:00 | AY27: ='Correlation Matrix'!C492 -> 8.7858021e-05 | AZ27: ='Correlation Matrix'!D492 -> 0.017262321 | BA27: ='Correlation Matrix'!E492 -> 0.020429388 | BB27: ='Correlation Matrix'!F492 -> 0.068801282 | BC27: ='Correlation Matrix'!G492 -> 0.0048571321 | BD27: ='Correlation Matrix'!H492 -> 0.038128807 | BE27: ='Correlation Matrix'!I492 -> 489
B28: ='Correlation Matrix'!B17 -> 20/03/2023 16:00:00 | C28: ='Correlation Matrix'!C17 -> 0.015365219 | D28: =$B$2*D27+(1-$B$2)*C27^2 -> 0.0002072056 | H28: =B28 -> 20/03/2023 16:00:00 | I28: ='Correlation Matrix'!D17 -> -0.012610764 | J28: =$B$2*J27+(1-$B$2)*I27^2 -> 0.00037664919 | N28: =H28 -> 20/03/2023 16:00:00 | O28: ='Correlation Matrix'!E17 -> 0.014596897 | P28: =$B$2*P27+(1-$B$2)*O27^2 -> 0.00022999583 | T28: =N28 -> 20/03/2023 16:00:00 | U28: ='Correlation Matrix'!F17 -> 0.0033879197 | V28: =$B$2*V27+(1-$B$2)*U27^2 -> 0.00044781916 | Z28: =T28 -> 20/03/2023 16:00:00 | AA28: ='Correlation Matrix'!G17 -> -0.00097284622 | AB28: =$B$2*AB27+(1-$B$2)*AA27^2 -> 0.00014649815 | AF28: =Z28 -> 20/03/2023 16:00:00 | AG28: ='Correlation Matrix'!H17 -> 0.002991483 | AH28: =$B$2*AH27+(1-$B$2)*AG27^2 -> 0.00055561995 | AX28: ='Correlation Matrix'!B491 -> 07/02/2025 16:00:00 | AY28: ='Correlation Matrix'!C491 -> -0.02426071 | AZ28: ='Correlation Matrix'!D491 -> -0.041375191 | BA28: ='Correlation Matrix'!E491 -> 0.0047287623 | BB28: ='Correlation Matrix'!F491 -> -0.0004104248 | BC28: ='Correlation Matrix'!G491 -> -0.0078059711 | BD28: ='Correlation Matrix'!H491 -> -0.0064673081 | BE28: ='Correlation Matrix'!I491 -> 488
B29: ='Correlation Matrix'!B18 -> 21/03/2023 16:00:00 | C29: ='Correlation Matrix'!C18 -> 0.011873324 | D29: =$B$2*D28+(1-$B$2)*C28^2 -> 0.00020893866 | H29: =B29 -> 21/03/2023 16:00:00 | I29: ='Correlation Matrix'!D18 -> 0.029247748 | J29: =$B$2*J28+(1-$B$2)*I28^2 -> 0.00036359212 | N29: =H29 -> 21/03/2023 16:00:00 | O29: ='Correlation Matrix'!E18 -> 0.030140228 | P29: =$B$2*P28+(1-$B$2)*O28^2 -> 0.00022898024 | T29: =N29 -> 21/03/2023 16:00:00 | U29: ='Correlation Matrix'!F18 -> 0.0074878673 | V29: =$B$2*V28+(1-$B$2)*U28^2 -> 0.00042163869 | Z29: =T29 -> 21/03/2023 16:00:00 | AA29: ='Correlation Matrix'!G18 -> 0.01491738 | AB29: =$B$2*AB28+(1-$B$2)*AA28^2 -> 0.00013776505 | AF29: =Z29 -> 21/03/2023 16:00:00 | AG29: ='Correlation Matrix'!H18 -> -0.0062532773 | AH29: =$B$2*AH28+(1-$B$2)*AG28^2 -> 0.00052281969 | AX29: ='Correlation Matrix'!B490 -> 06/02/2025 16:00:00 | AY29: ='Correlation Matrix'!C490 -> 0.0032210296 | AZ29: ='Correlation Matrix'!D490 -> 0.011200117 | BA29: ='Correlation Matrix'!E490 -> -0.0071501502 | BB29: ='Correlation Matrix'!F490 -> -0.0036862626 | BC29: ='Correlation Matrix'!G490 -> 0.0015351364 | BD29: ='Correlation Matrix'!H490 -> -0.0064894814 | BE29: ='Correlation Matrix'!I490 -> 487
B30: ='Correlation Matrix'!B19 -> 22/03/2023 16:00:00 | C30: ='Correlation Matrix'!C19 -> -0.0091451553 | D30: =$B$2*D29+(1-$B$2)*C29^2 -> 0.00020486089 | H30: =B30 -> 22/03/2023 16:00:00 | I30: ='Correlation Matrix'!D19 -> -0.01916671 | J30: =$B$2*J29+(1-$B$2)*I29^2 -> 0.00039310244 | N30: =H30 -> 22/03/2023 16:00:00 | O30: ='Correlation Matrix'!E19 -> -0.020547365 | P30: =$B$2*P29+(1-$B$2)*O29^2 -> 0.00026974743 | T30: =N30 -> 22/03/2023 16:00:00 | U30: ='Correlation Matrix'!F19 -> -0.021871158 | V30: =$B$2*V29+(1-$B$2)*U29^2 -> 0.00039970446 | Z30: =T30 -> 22/03/2023 16:00:00 | AA30: ='Correlation Matrix'!G19 -> -0.010034098 | AB30: =$B$2*AB29+(1-$B$2)*AA29^2 -> 0.00014285084 | AF30: =Z30 -> 22/03/2023 16:00:00 | AG30: ='Correlation Matrix'!H19 -> -0.027827422 | AH30: =$B$2*AH29+(1-$B$2)*AG29^2 -> 0.00049379672 | AX30: ='Correlation Matrix'!B489 -> 05/02/2025 16:00:00 | AY30: ='Correlation Matrix'!C489 -> -0.0014185314 | AZ30: ='Correlation Matrix'!D489 -> -0.024633745 | BA30: ='Correlation Matrix'!E489 -> -0.0015022373 | BB30: ='Correlation Matrix'!F489 -> 0.014205077 | BC30: ='Correlation Matrix'!G489 -> 0.012760081 | BD30: ='Correlation Matrix'!H489 -> 0.024188486 | BE30: ='Correlation Matrix'!I489 -> 486
B31: ='Correlation Matrix'!B20 -> 23/03/2023 16:00:00 | C31: ='Correlation Matrix'!C20 -> 0.0069453493 | D31: =$B$2*D30+(1-$B$2)*C30^2 -> 0.00019758727 | H31: =B31 -> 23/03/2023 16:00:00 | I31: ='Correlation Matrix'!D20 -> 0.00010131199 | J31: =$B$2*J30+(1-$B$2)*I30^2 -> 0.00039155806 | N31: =H31 -> 23/03/2023 16:00:00 | O31: ='Correlation Matrix'!E20 -> -0.0099810868 | P31: =$B$2*P30+(1-$B$2)*O30^2 -> 0.00027889424 | T31: =N31 -> 23/03/2023 16:00:00 | U31: ='Correlation Matrix'!F20 -> 0.016260521 | V31: =$B$2*V30+(1-$B$2)*U30^2 -> 0.00040442305 | Z31: =T31 -> 23/03/2023 16:00:00 | AA31: ='Correlation Matrix'!G20 -> 0.0094698751 | AB31: =$B$2*AB30+(1-$B$2)*AA30^2 -> 0.00014032077 | AF31: =Z31 -> 23/03/2023 16:00:00 | AG31: ='Correlation Matrix'!H20 -> -0.013800787 | AH31: =$B$2*AH30+(1-$B$2)*AG30^2 -> 0.00051063084 | AX31: ='Correlation Matrix'!B488 -> 04/02/2025 16:00:00 | AY31: ='Correlation Matrix'!C488 -> 0.020790228 | AZ31: ='Correlation Matrix'!D488 -> 0.019354905 | BA31: ='Correlation Matrix'!E488 -> 0.025649211 | BB31: ='Correlation Matrix'!F488 -> -0.0094924361 | BC31: ='Correlation Matrix'!G488 -> -0.0086193613 | BD31: ='Correlation Matrix'!H488 -> 6.5291199e-05 | BE31: ='Correlation Matrix'!I488 -> 485
B32: ='Correlation Matrix'!B21 -> 24/03/2023 16:00:00 | C32: ='Correlation Matrix'!C21 -> 0.0082712421 | D32: =$B$2*D31+(1-$B$2)*C31^2 -> 0.0001886263 | H32: =B32 -> 24/03/2023 16:00:00 | I32: ='Correlation Matrix'!D21 -> -0.0058931282 | J32: =$B$2*J31+(1-$B$2)*I31^2 -> 0.00036806519 | N32: =H32 -> 24/03/2023 16:00:00 | O32: ='Correlation Matrix'!E21 -> 0.0099170109 | P32: =$B$2*P31+(1-$B$2)*O31^2 -> 0.00026813791 | T32: =N32 -> 24/03/2023 16:00:00 | U32: ='Correlation Matrix'!F21 -> -0.00037516414 | V32: =$B$2*V31+(1-$B$2)*U31^2 -> 0.00039602194 | Z32: =T32 -> 24/03/2023 16:00:00 | AA32: ='Correlation Matrix'!G21 -> -0.0077620786 | AB32: =$B$2*AB31+(1-$B$2)*AA31^2 -> 0.00013728224 | AF32: =Z32 -> 24/03/2023 16:00:00 | AG32: ='Correlation Matrix'!H21 -> 0.00054481069 | AH32: =$B$2*AH31+(1-$B$2)*AG31^2 -> 0.00049142069 | AX32: ='Correlation Matrix'!B487 -> 03/02/2025 16:00:00 | AY32: ='Correlation Matrix'!C487 -> -0.034442317 | AZ32: ='Correlation Matrix'!D487 -> -0.0010945065 | BA32: ='Correlation Matrix'!E487 -> 0.0010049242 | BB32: ='Correlation Matrix'!F487 -> -0.011029524 | BC32: ='Correlation Matrix'!G487 -> 0.015223007 | BD32: ='Correlation Matrix'!H487 -> 0.020881855 | BE32: ='Correlation Matrix'!I487 -> 484
B33: ='Correlation Matrix'!B22 -> 27/03/2023 16:00:00 | C33: ='Correlation Matrix'!C22 -> -0.012369479 | D33: =$B$2*D32+(1-$B$2)*C32^2 -> 0.00018141353 | H33: =B33 -> 27/03/2023 16:00:00 | I33: ='Correlation Matrix'!D22 -> -0.00091757156 | J33: =$B$2*J32+(1-$B$2)*I32^2 -> 0.00034806502 | N33: =H33 -> 27/03/2023 16:00:00 | O33: ='Correlation Matrix'!E22 -> 0.010136837 | P33: =$B$2*P32+(1-$B$2)*O32^2 -> 0.00025795046 | T33: =N33 -> 27/03/2023 16:00:00 | U33: ='Correlation Matrix'!F22 -> -0.0015020656 | V33: =$B$2*V32+(1-$B$2)*U32^2 -> 0.00037226907 | Z33: =T33 -> 27/03/2023 16:00:00 | AA33: ='Correlation Matrix'!G22 -> 0.0084673072 | AB33: =$B$2*AB32+(1-$B$2)*AA32^2 -> 0.0001326603 | AF33: =Z33 -> 27/03/2023 16:00:00 | AG33: ='Correlation Matrix'!H22 -> 0.024612903 | AH33: =$B$2*AH32+(1-$B$2)*AG32^2 -> 0.00046195326 | AX33: ='Correlation Matrix'!B486 -> 31/01/2025 16:00:00 | AY33: ='Correlation Matrix'!C486 -> -0.006714694 | AZ33: ='Correlation Matrix'!D486 -> 0.012872806 | BA33: ='Correlation Matrix'!E486 -> -0.046684527 | BB33: ='Correlation Matrix'!F486 -> -0.0099040729 | BC33: ='Correlation Matrix'!G486 -> -0.018869157 | BD33: ='Correlation Matrix'!H486 -> -0.028168099 | BE33: ='Correlation Matrix'!I486 -> 483
B34: ='Correlation Matrix'!B23 -> 28/03/2023 16:00:00 | C34: ='Correlation Matrix'!C23 -> -0.0039882305 | D34: =$B$2*D33+(1-$B$2)*C33^2 -> 0.00017970896 | H34: =B34 -> 28/03/2023 16:00:00 | I34: ='Correlation Matrix'!D23 -> -0.0081934092 | J34: =$B$2*J33+(1-$B$2)*I33^2 -> 0.00032723163 | N34: =H34 -> 28/03/2023 16:00:00 | O34: ='Correlation Matrix'!E23 -> 0.011603838 | P34: =$B$2*P33+(1-$B$2)*O33^2 -> 0.00024863876 | T34: =N34 -> 28/03/2023 16:00:00 | U34: ='Correlation Matrix'!F23 -> -0.017055558 | V34: =$B$2*V33+(1-$B$2)*U33^2 -> 0.00035006829 | Z34: =T34 -> 28/03/2023 16:00:00 | AA34: ='Correlation Matrix'!G23 -> -0.00081811134 | AB34: =$B$2*AB33+(1-$B$2)*AA33^2 -> 0.0001290024 | AF34: =Z34 -> 28/03/2023 16:00:00 | AG34: ='Correlation Matrix'!H23 -> 0.0031834488 | AH34: =$B$2*AH33+(1-$B$2)*AG33^2 -> 0.00047058377 | AX34: ='Correlation Matrix'!B485 -> 30/01/2025 16:00:00 | AY34: ='Correlation Matrix'!C485 -> -0.0074221957 | AZ34: ='Correlation Matrix'!D485 -> -0.010303032 | BA34: ='Correlation Matrix'!E485 -> 0.0040383376 | BB34: ='Correlation Matrix'!F485 -> 0.046309334 | BC34: ='Correlation Matrix'!G485 -> 0.030877669 | BD34: ='Correlation Matrix'!H485 -> 0.055506886 | BE34: ='Correlation Matrix'!I485 -> 482
B35: ='Correlation Matrix'!B24 -> 29/03/2023 16:00:00 | C35: ='Correlation Matrix'!C24 -> 0.019597386 | D35: =$B$2*D34+(1-$B$2)*C34^2 -> 0.00016988078 | H35: =B35 -> 29/03/2023 16:00:00 | I35: ='Correlation Matrix'!D24 -> 0.030484917 | J35: =$B$2*J34+(1-$B$2)*I34^2 -> 0.00031162565 | N35: =H35 -> 29/03/2023 16:00:00 | O35: ='Correlation Matrix'!E24 -> 0.0085531971 | P35: =$B$2*P34+(1-$B$2)*O34^2 -> 0.00024179938 | T35: =N35 -> 29/03/2023 16:00:00 | U35: ='Correlation Matrix'!F24 -> 0.0557558 | V35: =$B$2*V34+(1-$B$2)*U34^2 -> 0.00034651772 | Z35: =T35 -> 29/03/2023 16:00:00 | AA35: ='Correlation Matrix'!G24 -> 0.014568941 | AB35: =$B$2*AB34+(1-$B$2)*AA34^2 -> 0.00012130241 | AF35: =Z35 -> 29/03/2023 16:00:00 | AG35: ='Correlation Matrix'!H24 -> 0.0048880473 | AH35: =$B$2*AH34+(1-$B$2)*AG34^2 -> 0.0004429568 | AX35: ='Correlation Matrix'!B484 -> 29/01/2025 16:00:00 | AY35: ='Correlation Matrix'!C484 -> 0.0046061804 | AZ35: ='Correlation Matrix'!D484 -> -0.0045452711 | BA35: ='Correlation Matrix'!E484 -> -0.0033344051 | BB35: ='Correlation Matrix'!F484 -> -0.0010527425 | BC35: ='Correlation Matrix'!G484 -> 0.0026273552 | BD35: ='Correlation Matrix'!H484 -> 0.04588234 | BE35: ='Correlation Matrix'!I484 -> 481
B36: ='Correlation Matrix'!B25 -> 30/03/2023 16:00:00 | C36: ='Correlation Matrix'!C25 -> 0.0098413198 | D36: =$B$2*D35+(1-$B$2)*C35^2 -> 0.00018273139 | H36: =B36 -> 30/03/2023 16:00:00 | I36: ='Correlation Matrix'!D25 -> 0.017305747 | J36: =$B$2*J35+(1-$B$2)*I35^2 -> 0.00034868792 | N36: =H36 -> 30/03/2023 16:00:00 | O36: ='Correlation Matrix'!E25 -> 0.009466428 | P36: =$B$2*P35+(1-$B$2)*O35^2 -> 0.00023168085 | T36: =N36 -> 30/03/2023 16:00:00 | U36: ='Correlation Matrix'!F25 -> 0.01862518 | V36: =$B$2*V35+(1-$B$2)*U35^2 -> 0.00051224921 | Z36: =T36 -> 30/03/2023 16:00:00 | AA36: ='Correlation Matrix'!G25 -> -0.00075126257 | AB36: =$B$2*AB35+(1-$B$2)*AA35^2 -> 0.00012675951 | AF36: =Z36 -> 30/03/2023 16:00:00 | AG36: ='Correlation Matrix'!H25 -> 0.012311878 | AH36: =$B$2*AH35+(1-$B$2)*AG35^2 -> 0.00041781297 | AX36: ='Correlation Matrix'!B483 -> 28/01/2025 16:00:00 | AY36: ='Correlation Matrix'!C483 -> 0.035892086 | AZ36: ='Correlation Matrix'!D483 -> 0.011529574 | BA36: ='Correlation Matrix'!E483 -> -0.0065084456 | BB36: ='Correlation Matrix'!F483 -> -0.024117593 | BC36: ='Correlation Matrix'!G483 -> -0.00051141554 | BD36: ='Correlation Matrix'!H483 -> 0.013723581 | BE36: ='Correlation Matrix'!I483 -> 480
B37: ='Correlation Matrix'!B26 -> 31/03/2023 16:00:00 | C37: ='Correlation Matrix'!C26 -> 0.015523138 | D37: =$B$2*D36+(1-$B$2)*C36^2 -> 0.0001775786 | H37: =B37 -> 31/03/2023 16:00:00 | I37: ='Correlation Matrix'!D26 -> 0.012567753 | J37: =$B$2*J36+(1-$B$2)*I36^2 -> 0.00034573598 | N37: =H37 -> 31/03/2023 16:00:00 | O37: ='Correlation Matrix'!E26 -> 0.004730465 | P37: =$B$2*P36+(1-$B$2)*O36^2 -> 0.00022315679 | T37: =N37 -> 31/03/2023 16:00:00 | U37: ='Correlation Matrix'!F26 -> 0.010238395 | V37: =$B$2*V36+(1-$B$2)*U36^2 -> 0.0005023281 | Z37: =T37 -> 31/03/2023 16:00:00 | AA37: ='Correlation Matrix'!G26 -> 0.011485313 | AB37: =$B$2*AB36+(1-$B$2)*AA36^2 -> 0.0001191878 | AF37: =Z37 -> 31/03/2023 16:00:00 | AG37: ='Correlation Matrix'!H26 -> 0.021633602 | AH37: =$B$2*AH36+(1-$B$2)*AG36^2 -> 0.00040183913 | AX37: ='Correlation Matrix'!B482 -> 27/01/2025 16:00:00 | AY37: ='Correlation Matrix'!C482 -> 0.031285691 | AZ37: ='Correlation Matrix'!D482 -> 0.0024241405 | BA37: ='Correlation Matrix'!E482 -> 0.010099805 | BB37: ='Correlation Matrix'!F482 -> -0.045576492 | BC37: ='Correlation Matrix'!G482 -> 0.02617781 | BD37: ='Correlation Matrix'!H482 -> -0.23382089 | BE37: ='Correlation Matrix'!I482 -> 479
B38: ='Correlation Matrix'!B27 -> 03/04/2023 16:00:00 | C38: ='Correlation Matrix'!C27 -> 0.0076721311 | D38: =$B$2*D37+(1-$B$2)*C37^2 -> 0.00018138195 | H38: =B38 -> 03/04/2023 16:00:00 | I38: ='Correlation Matrix'!D27 -> -0.0085562019 | J38: =$B$2*J37+(1-$B$2)*I37^2 -> 0.00033446872 | N38: =H38 -> 03/04/2023 16:00:00 | O38: ='Correlation Matrix'!E27 -> 0.040772962 | P38: =$B$2*P37+(1-$B$2)*O37^2 -> 0.00021111002 | T38: =N38 -> 03/04/2023 16:00:00 | U38: ='Correlation Matrix'!F27 -> -0.012369834 | V38: =$B$2*V37+(1-$B$2)*U37^2 -> 0.00047847789 | Z38: =T38 -> 03/04/2023 16:00:00 | AA38: ='Correlation Matrix'!G27 -> 0.0083849891 | AB38: =$B$2*AB37+(1-$B$2)*AA37^2 -> 0.00011995128 | AF38: =Z38 -> 03/04/2023 16:00:00 | AG38: ='Correlation Matrix'!H27 -> -0.024240486 | AH38: =$B$2*AH37+(1-$B$2)*AG37^2 -> 0.00040580955 | AX38: ='Correlation Matrix'!B481 -> 24/01/2025 16:00:00 | AY38: ='Correlation Matrix'!C481 -> -0.0039423042 | AZ38: ='Correlation Matrix'!D481 -> -0.0024241405 | BA38: ='Correlation Matrix'!E481 -> -0.0023102109 | BB38: ='Correlation Matrix'!F481 -> -0.01866669 | BC38: ='Correlation Matrix'!G481 -> -0.0013674127 | BD38: ='Correlation Matrix'!H481 -> 0.0035175771 | BE38: ='Correlation Matrix'!I481 -> 478
B39: ='Correlation Matrix'!B28 -> 04/04/2023 16:00:00 | C39: ='Correlation Matrix'!C28 -> -0.0032549757 | D39: =$B$2*D38+(1-$B$2)*C38^2 -> 0.00017403073 | H39: =B39 -> 04/04/2023 16:00:00 | I39: ='Correlation Matrix'!D28 -> 0.01492565 | J39: =$B$2*J38+(1-$B$2)*I38^2 -> 0.00031879312 | N39: =H39 -> 04/04/2023 16:00:00 | O39: ='Correlation Matrix'!E28 -> -0.0053689028 | P39: =$B$2*P38+(1-$B$2)*O38^2 -> 0.00029818949 | T39: =N39 -> 04/04/2023 16:00:00 | U39: ='Correlation Matrix'!F28 -> -0.034367644 | V39: =$B$2*V38+(1-$B$2)*U38^2 -> 0.00045894999 | Z39: =T39 -> 04/04/2023 16:00:00 | AA39: ='Correlation Matrix'!G28 -> -0.007037558 | AB39: =$B$2*AB38+(1-$B$2)*AA38^2 -> 0.00011697268 | AF39: =Z39 -> 04/04/2023 16:00:00 | AG39: ='Correlation Matrix'!H28 -> -0.0078616757 | AH39: =$B$2*AH38+(1-$B$2)*AG38^2 -> 0.00041671705 | AX39: ='Correlation Matrix'!B480 -> 23/01/2025 16:00:00 | AY39: ='Correlation Matrix'!C480 -> -0.00075979355 | AZ39: ='Correlation Matrix'!D480 -> 0.0017430866 | BA39: ='Correlation Matrix'!E480 -> -0.0025606569 | BB39: ='Correlation Matrix'!F480 -> 0.00057809039 | BC39: ='Correlation Matrix'!G480 -> 0.013265693 | BD39: ='Correlation Matrix'!H480 -> 0.040524781 | BE39: ='Correlation Matrix'!I480 -> 477
B40: ='Correlation Matrix'!B29 -> 05/04/2023 16:00:00 | C40: ='Correlation Matrix'!C29 -> -0.011354444 | D40: =$B$2*D39+(1-$B$2)*C39^2 -> 0.00016422458 | H40: =B40 -> 05/04/2023 16:00:00 | I40: ='Correlation Matrix'!D29 -> -0.027799888 | J40: =$B$2*J39+(1-$B$2)*I39^2 -> 0.00031303203 | N40: =H40 -> 05/04/2023 16:00:00 | O40: ='Correlation Matrix'!E29 -> 0.0049569321 | P40: =$B$2*P39+(1-$B$2)*O39^2 -> 0.00028202762 | T40: =N40 -> 05/04/2023 16:00:00 | U40: ='Correlation Matrix'!F29 -> -0.02496869 | V40: =$B$2*V39+(1-$B$2)*U39^2 -> 0.00050228108 | Z40: =T40 -> 05/04/2023 16:00:00 | AA40: ='Correlation Matrix'!G29 -> -0.00030232654 | AB40: =$B$2*AB39+(1-$B$2)*AA39^2 -> 0.00011292596 | AF40: =Z40 -> 05/04/2023 16:00:00 | AG40: ='Correlation Matrix'!H29 -> 0.0062942773 | AH40: =$B$2*AH39+(1-$B$2)*AG39^2 -> 0.00039542238 | AX40: ='Correlation Matrix'!B479 -> 22/01/2025 16:00:00 | AY40: ='Correlation Matrix'!C479 -> 0.0053307179 | AZ40: ='Correlation Matrix'!D479 -> 0.018466556 | BA40: ='Correlation Matrix'!E479 -> -0.011632103 | BB40: ='Correlation Matrix'!F479 -> 0.017696135 | BC40: ='Correlation Matrix'!G479 -> -0.0016678674 | BD40: ='Correlation Matrix'!H479 -> 0.026917844 | BE40: ='Correlation Matrix'!I479 -> 476
B41: ='Correlation Matrix'!B30 -> 06/04/2023 16:00:00 | C41: ='Correlation Matrix'!C30 -> 0.0054808005 | D41: =$B$2*D40+(1-$B$2)*C40^2 -> 0.00016210651 | H41: =B41 -> 06/04/2023 16:00:00 | I41: ='Correlation Matrix'!D30 -> 0.0094507496 | J41: =$B$2*J40+(1-$B$2)*I40^2 -> 0.00034062014 | N41: =H41 -> 06/04/2023 16:00:00 | O41: ='Correlation Matrix'!E30 -> -0.013213833 | P41: =$B$2*P40+(1-$B$2)*O40^2 -> 0.00026658024 | T41: =N41 -> 06/04/2023 16:00:00 | U41: ='Correlation Matrix'!F30 -> 0.0026380268 | V41: =$B$2*V40+(1-$B$2)*U40^2 -> 0.00050955035 | Z41: =T41 -> 06/04/2023 16:00:00 | AA41: ='Correlation Matrix'!G30 -> -0.0063977275 | AB41: =$B$2*AB40+(1-$B$2)*AA40^2 -> 0.00010615588 | AF41: =Z41 -> 06/04/2023 16:00:00 | AG41: ='Correlation Matrix'!H30 -> 0.0059950655 | AH41: =$B$2*AH40+(1-$B$2)*AG40^2 -> 0.00037407411 | AX41: ='Correlation Matrix'!B478 -> 21/01/2025 16:00:00 | AY41: ='Correlation Matrix'!C478 -> -0.032436231 | AZ41: ='Correlation Matrix'!D478 -> 0.020892033 | BA41: ='Correlation Matrix'!E478 -> -0.020206499 | BB41: ='Correlation Matrix'!F478 -> 0.03615694 | BC41: ='Correlation Matrix'!G478 -> 0.0063832429 | BD41: ='Correlation Matrix'!H478 -> 0.022750981 | BE41: ='Correlation Matrix'!I478 -> 475
B42: ='Correlation Matrix'!B31 -> 10/04/2023 16:00:00 | C42: ='Correlation Matrix'!C31 -> -0.016101239 | D42: =$B$2*D41+(1-$B$2)*C41^2 -> 0.00015418247 | H42: =B42 -> 10/04/2023 16:00:00 | I42: ='Correlation Matrix'!D31 -> 0.001077217 | J42: =$B$2*J41+(1-$B$2)*I41^2 -> 0.00032554193 | N42: =H42 -> 10/04/2023 16:00:00 | O42: ='Correlation Matrix'!E31 -> 0.0038102088 | P42: =$B$2*P41+(1-$B$2)*O41^2 -> 0.00026106174 | T42: =N42 -> 10/04/2023 16:00:00 | U42: ='Correlation Matrix'!F31 -> 0.078855007 | V42: =$B$2*V41+(1-$B$2)*U41^2 -> 0.00047939488 | Z42: =T42 -> 10/04/2023 16:00:00 | AA42: ='Correlation Matrix'!G31 -> -0.0036862059 | AB42: =$B$2*AB41+(1-$B$2)*AA41^2 -> 0.00010224239 | AF42: =Z42 -> 10/04/2023 16:00:00 | AG42: ='Correlation Matrix'!H31 -> 0.0047961723 | AH42: =$B$2*AH41+(1-$B$2)*AG41^2 -> 0.00035378611 | AX42: ='Correlation Matrix'!B477 -> 17/01/2025 16:00:00 | AY42: ='Correlation Matrix'!C477 -> 0.0075070185 | AZ42: ='Correlation Matrix'!D477 -> 0.023646422 | BA42: ='Correlation Matrix'!E477 -> 0.013028079 | BB42: ='Correlation Matrix'!F477 -> 0.012280138 | BC42: ='Correlation Matrix'!G477 -> 0.002977556 | BD42: ='Correlation Matrix'!H477 -> 0.0035465522 | BE42: ='Correlation Matrix'!I477 -> 474
B43: ='Correlation Matrix'!B32 -> 11/04/2023 16:00:00 | C43: ='Correlation Matrix'!C32 -> -0.0076201465 | D43: =$B$2*D42+(1-$B$2)*C42^2 -> 0.00016048651 | H43: =B43 -> 11/04/2023 16:00:00 | I43: ='Correlation Matrix'!D32 -> -0.022268227 | J43: =$B$2*J42+(1-$B$2)*I42^2 -> 0.00030607904 | N43: =H43 -> 11/04/2023 16:00:00 | O43: ='Correlation Matrix'!E32 -> 0.0055109618 | P43: =$B$2*P42+(1-$B$2)*O42^2 -> 0.0002462691 | T43: =N43 -> 11/04/2023 16:00:00 | U43: ='Correlation Matrix'!F32 -> 0.0086580627 | V43: =$B$2*V42+(1-$B$2)*U42^2 -> 0.00082371792 | Z43: =T43 -> 11/04/2023 16:00:00 | AA43: ='Correlation Matrix'!G32 -> 0.011018102 | AB43: =$B$2*AB42+(1-$B$2)*AA42^2 -> 9.6923129e-05 | AF43: =Z43 -> 11/04/2023 16:00:00 | AG43: ='Correlation Matrix'!H32 -> 0.0011631665 | AH43: =$B$2*AH42+(1-$B$2)*AG42^2 -> 0.00033393914 | AX43: ='Correlation Matrix'!B476 -> 16/01/2025 16:00:00 | AY43: ='Correlation Matrix'!C476 -> -0.041238976 | AZ43: ='Correlation Matrix'!D476 -> -0.012116992 | BA43: ='Correlation Matrix'!E476 -> 0.0066098255 | BB43: ='Correlation Matrix'!F476 -> -0.0059542317 | BC43: ='Correlation Matrix'!G476 -> 0.0015112534 | BD43: ='Correlation Matrix'!H476 -> 0.0469884 | BE43: ='Correlation Matrix'!I476 -> 473
B44: ='Correlation Matrix'!B33 -> 12/04/2023 16:00:00 | C44: ='Correlation Matrix'!C33 -> -0.0043627367 | D44: =$B$2*D43+(1-$B$2)*C43^2 -> 0.00015434132 | H44: =B44 -> 12/04/2023 16:00:00 | I44: ='Correlation Matrix'!D33 -> -0.021138587 | J44: =$B$2*J43+(1-$B$2)*I43^2 -> 0.00031746673 | N44: =H44 -> 12/04/2023 16:00:00 | O44: ='Correlation Matrix'!E33 -> 0.0035394091 | P44: =$B$2*P43+(1-$B$2)*O43^2 -> 0.0002333152 | T44: =N44 -> 12/04/2023 16:00:00 | U44: ='Correlation Matrix'!F33 -> -0.0097020858 | V44: =$B$2*V43+(1-$B$2)*U43^2 -> 0.00077879257 | Z44: =T44 -> 12/04/2023 16:00:00 | AA44: ='Correlation Matrix'!G33 -> -0.0064746545 | AB44: =$B$2*AB43+(1-$B$2)*AA43^2 -> 9.8391656e-05 | AF44: =Z44 -> 12/04/2023 16:00:00 | AG44: ='Correlation Matrix'!H33 -> -0.0079103051 | AH44: =$B$2*AH43+(1-$B$2)*AG43^2 -> 0.00031398397 | AX44: ='Correlation Matrix'!B475 -> 15/01/2025 16:00:00 | AY44: ='Correlation Matrix'!C475 -> 0.019484857 | AZ44: ='Correlation Matrix'!D475 -> 0.025346509 | BA44: ='Correlation Matrix'!E475 -> 0.0090728028 | BB44: ='Correlation Matrix'!F475 -> 0.029710298 | BC44: ='Correlation Matrix'!G475 -> 0.025850553 | BD44: ='Correlation Matrix'!H475 -> 0.040369093 | BE44: ='Correlation Matrix'!I475 -> 472
B45: ='Correlation Matrix'!B34 -> 13/04/2023 16:00:00 | C45: ='Correlation Matrix'!C34 -> 0.033535047 | D45: =$B$2*D44+(1-$B$2)*C44^2 -> 0.00014622285 | H45: =B45 -> 13/04/2023 16:00:00 | I45: ='Correlation Matrix'!D34 -> 0.045655434 | J45: =$B$2*J44+(1-$B$2)*I44^2 -> 0.00032522912 | N45: =H45 -> 13/04/2023 16:00:00 | O45: ='Correlation Matrix'!E34 -> 0.013278543 | P45: =$B$2*P44+(1-$B$2)*O44^2 -> 0.00022006793 | T45: =N45 -> 13/04/2023 16:00:00 | U45: ='Correlation Matrix'!F34 -> -0.029684158 | V45: =$B$2*V44+(1-$B$2)*U44^2 -> 0.00073771284 | Z45: =T45 -> 13/04/2023 16:00:00 | AA45: ='Correlation Matrix'!G34 -> 0.02152032 | AB45: =$B$2*AB44+(1-$B$2)*AA44^2 -> 9.5003425e-05 | AF45: =Z45 -> 13/04/2023 16:00:00 | AG45: ='Correlation Matrix'!H34 -> 0.0042871128 | AH45: =$B$2*AH44+(1-$B$2)*AG44^2 -> 0.00029889931 | AX45: ='Correlation Matrix'!B474 -> 14/01/2025 16:00:00 | AY45: ='Correlation Matrix'!C474 -> -0.0047896089 | AZ45: ='Correlation Matrix'!D474 -> -0.0032093925 | BA45: ='Correlation Matrix'!E474 -> 0.0099280239 | BB45: ='Correlation Matrix'!F474 -> 0.011452935 | BC45: ='Correlation Matrix'!G474 -> 0.0081071129 | BD45: ='Correlation Matrix'!H474 -> 0.033905133 | BE45: ='Correlation Matrix'!I474 -> 471
B46: ='Correlation Matrix'!B35 -> 14/04/2023 16:00:00 | C46: ='Correlation Matrix'!C35 -> -0.0021162749 | D46: =$B$2*D45+(1-$B$2)*C45^2 -> 0.00020492544 | H46: =B46 -> 14/04/2023 16:00:00 | I46: ='Correlation Matrix'!D35 -> 0.0010736422 | J46: =$B$2*J45+(1-$B$2)*I45^2 -> 0.00043078049 | N46: =H46 -> 14/04/2023 16:00:00 | O46: ='Correlation Matrix'!E35 -> 0.0020317541 | P46: =$B$2*P45+(1-$B$2)*O45^2 -> 0.00021744304 | T46: =N46 -> 14/04/2023 16:00:00 | U46: ='Correlation Matrix'!F35 -> -0.039507698 | V46: =$B$2*V45+(1-$B$2)*U45^2 -> 0.00074631903 | Z46: =T46 -> 14/04/2023 16:00:00 | AA46: ='Correlation Matrix'!G35 -> 0.0074924887 | AB46: =$B$2*AB45+(1-$B$2)*AA45^2 -> 0.00011709067 | AF46: =Z46 -> 14/04/2023 16:00:00 | AG46: ='Correlation Matrix'!H35 -> -0.0092466635 | AH46: =$B$2*AH45+(1-$B$2)*AG45^2 -> 0.00028206811 | AX46: ='Correlation Matrix'!B473 -> 13/01/2025 16:00:00 | AY46: ='Correlation Matrix'!C473 -> -0.010397972 | AZ46: ='Correlation Matrix'!D473 -> -0.0021947883 | BA46: ='Correlation Matrix'!E473 -> 0.0143281 | BB46: ='Correlation Matrix'!F473 -> -0.012717424 | BC46: ='Correlation Matrix'!G473 -> 0.00047544524 | BD46: ='Correlation Matrix'!H473 -> -0.088862906 | BE46: ='Correlation Matrix'!I473 -> 470
B47: ='Correlation Matrix'!B36 -> 17/04/2023 16:00:00 | C47: ='Correlation Matrix'!C36 -> 0.00012105072 | D47: =$B$2*D46+(1-$B$2)*C46^2 -> 0.00019289863 | H47: =B47 -> 17/04/2023 16:00:00 | I47: ='Correlation Matrix'!D36 -> 0.0022411702 | J47: =$B$2*J46+(1-$B$2)*I46^2 -> 0.00040500282 | N47: =H47 -> 17/04/2023 16:00:00 | O47: ='Correlation Matrix'!E36 -> -0.0088537391 | P47: =$B$2*P46+(1-$B$2)*O46^2 -> 0.00020464414 | T47: =N47 -> 17/04/2023 16:00:00 | U47: ='Correlation Matrix'!F36 -> 0.015917419 | V47: =$B$2*V46+(1-$B$2)*U46^2 -> 0.00079519138 | Z47: =T47 -> 17/04/2023 16:00:00 | AA47: ='Correlation Matrix'!G36 -> 0.00088568022 | AB47: =$B$2*AB46+(1-$B$2)*AA46^2 -> 0.00011343347 | AF47: =Z47 -> 17/04/2023 16:00:00 | AG47: ='Correlation Matrix'!H36 -> -0.018353985 | AH47: =$B$2*AH46+(1-$B$2)*AG46^2 -> 0.00027027407 | AX47: ='Correlation Matrix'!B472 -> 10/01/2025 16:00:00 | AY47: ='Correlation Matrix'!C472 -> -0.024399083 | AZ47: ='Correlation Matrix'!D472 -> -0.014465076 | BA47: ='Correlation Matrix'!E472 -> 0.018719239 | BB47: ='Correlation Matrix'!F472 -> -0.019604382 | BC47: ='Correlation Matrix'!G472 -> -0.022976909 | BD47: ='Correlation Matrix'!H472 -> 0.22442226 | BE47: ='Correlation Matrix'!I472 -> 469
B48: ='Correlation Matrix'!B37 -> 18/04/2023 16:00:00 | C48: ='Correlation Matrix'!C37 -> 0.0074766703 | D48: =$B$2*D47+(1-$B$2)*C47^2 -> 0.00018132559 | H48: =B48 -> 18/04/2023 16:00:00 | I48: ='Correlation Matrix'!D37 -> -0.0042918521 | J48: =$B$2*J47+(1-$B$2)*I47^2 -> 0.00038100403 | N48: =H48 -> 18/04/2023 16:00:00 | O48: ='Correlation Matrix'!E37 -> -0.0023430189 | P48: =$B$2*P47+(1-$B$2)*O47^2 -> 0.00019706881 | T48: =N48 -> 18/04/2023 16:00:00 | U48: ='Correlation Matrix'!F37 -> -0.0084824407 | V48: =$B$2*V47+(1-$B$2)*U47^2 -> 0.00076268175 | Z48: =T48 -> 18/04/2023 16:00:00 | AA48: ='Correlation Matrix'!G37 -> -0.0011810814 | AB48: =$B$2*AB47+(1-$B$2)*AA47^2 -> 0.00010667453 | AF48: =Z48 -> 18/04/2023 16:00:00 | AG48: ='Correlation Matrix'!H37 -> -0.0074906717 | AH48: =$B$2*AH47+(1-$B$2)*AG47^2 -> 0.00027426975 | AX48: ='Correlation Matrix'!B471 -> 08/01/2025 16:00:00 | AY48: ='Correlation Matrix'!C471 -> 0.0020209943 | AZ48: ='Correlation Matrix'!D471 -> 9.0041419e-05 | BA48: ='Correlation Matrix'!E471 -> 0.0047350784 | BB48: ='Correlation Matrix'!F471 -> -0.012519404 | BC48: ='Correlation Matrix'!G471 -> 0.0097295961 | BD48: ='Correlation Matrix'!H471 -> -0.047218814 | BE48: ='Correlation Matrix'!I471 -> 468
B49: ='Correlation Matrix'!B38 -> 19/04/2023 16:00:00 | C49: ='Correlation Matrix'!C38 -> 0.0069440566 | D49: =$B$2*D48+(1-$B$2)*C48^2 -> 0.00017380009 | H49: =B49 -> 19/04/2023 16:00:00 | I49: ='Correlation Matrix'!D38 -> 0.019361689 | J49: =$B$2*J48+(1-$B$2)*I48^2 -> 0.00035924898 | N49: =H49 -> 19/04/2023 16:00:00 | O49: ='Correlation Matrix'!E38 -> 0.00093786642 | P49: =$B$2*P48+(1-$B$2)*O48^2 -> 0.00018557407 | T49: =N49 -> 19/04/2023 16:00:00 | U49: ='Correlation Matrix'!F38 -> -0.031223149 | V49: =$B$2*V48+(1-$B$2)*U48^2 -> 0.00072123795 | Z49: =T49 -> 19/04/2023 16:00:00 | AA49: ='Correlation Matrix'!G38 -> 0.0012883833 | AB49: =$B$2*AB48+(1-$B$2)*AA48^2 -> 0.00010035776 | AF49: =Z49 -> 19/04/2023 16:00:00 | AG49: ='Correlation Matrix'!H38 -> 0.0036185793 | AH49: =$B$2*AH48+(1-$B$2)*AG48^2 -> 0.00026118018 | AX49: ='Correlation Matrix'!B470 -> 07/01/2025 16:00:00 | AY49: ='Correlation Matrix'!C470 -> -0.011453092 | AZ49: ='Correlation Matrix'!D470 -> -0.024460883 | BA49: ='Correlation Matrix'!E470 -> 0.015698486 | BB49: ='Correlation Matrix'!F470 -> -0.011961623 | BC49: ='Correlation Matrix'!G470 -> -0.0010358341 | BD49: ='Correlation Matrix'!H470 -> -0.033278061 | BE49: ='Correlation Matrix'!I470 -> 467
B50: ='Correlation Matrix'!B39 -> 20/04/2023 16:00:00 | C50: ='Correlation Matrix'!C39 -> -0.0058633649 | D50: =$B$2*D49+(1-$B$2)*C49^2 -> 0.00016626528 | H50: =B50 -> 20/04/2023 16:00:00 | I50: ='Correlation Matrix'!D39 -> -0.0047090568 | J50: =$B$2*J49+(1-$B$2)*I49^2 -> 0.00036018655 | N50: =H50 -> 20/04/2023 16:00:00 | O50: ='Correlation Matrix'!E39 -> -0.0048747637 | P50: =$B$2*P49+(1-$B$2)*O49^2 -> 0.0001744924 | T50: =N50 -> 20/04/2023 16:00:00 | U50: ='Correlation Matrix'!F39 -> -0.038166626 | V50: =$B$2*V49+(1-$B$2)*U49^2 -> 0.00073645678 | Z50: =T50 -> 20/04/2023 16:00:00 | AA50: ='Correlation Matrix'!G39 -> 0.0058839432 | AB50: =$B$2*AB49+(1-$B$2)*AA49^2 -> 9.4435886e-05 | AF50: =Z50 -> 20/04/2023 16:00:00 | AG50: ='Correlation Matrix'!H39 -> 0.022749295 | AH50: =$B$2*AH49+(1-$B$2)*AG49^2 -> 0.00024629501 | AX50: ='Correlation Matrix'!B469 -> 06/01/2025 16:00:00 | AY50: ='Correlation Matrix'!C469 -> 0.006716382 | AZ50: ='Correlation Matrix'!D469 -> 0.015139731 | BA50: ='Correlation Matrix'!E469 -> -0.0039985144 | BB50: ='Correlation Matrix'!F469 -> 0.024274522 | BC50: ='Correlation Matrix'!G469 -> -0.018252885 | BD50: ='Correlation Matrix'!H469 -> 0.045994016 | BE50: ='Correlation Matrix'!I469 -> 466
B51: ='Correlation Matrix'!B40 -> 21/04/2023 16:00:00 | C51: ='Correlation Matrix'!C40 -> -0.0098291261 | D51: =$B$2*D50+(1-$B$2)*C50^2 -> 0.00015835211 | H51: =B51 -> 21/04/2023 16:00:00 | I51: ='Correlation Matrix'!D40 -> 0.029892628 | J51: =$B$2*J50+(1-$B$2)*I50^2 -> 0.00033990587 | N51: =H51 -> 21/04/2023 16:00:00 | O51: ='Correlation Matrix'!E40 -> -0.0043071725 | P51: =$B$2*P50+(1-$B$2)*O50^2 -> 0.00016544865 | T51: =N51 -> 21/04/2023 16:00:00 | U51: ='Correlation Matrix'!F40 -> 0.0035664789 | V51: =$B$2*V50+(1-$B$2)*U50^2 -> 0.00077967085 | Z51: =T51 -> 21/04/2023 16:00:00 | AA51: ='Correlation Matrix'!G40 -> 0.00063979529 | AB51: =$B$2*AB50+(1-$B$2)*AA50^2 -> 9.084698e-05 | AF51: =Z51 -> 21/04/2023 16:00:00 | AG51: ='Correlation Matrix'!H40 -> 0.001045615 | AH51: =$B$2*AH50+(1-$B$2)*AG50^2 -> 0.00026256914 | AX51: ='Correlation Matrix'!B468 -> 03/01/2025 16:00:00 | AY51: ='Correlation Matrix'!C468 -> -0.0020114536 | AZ51: ='Correlation Matrix'!D468 -> 0.01786686 | BA51: ='Correlation Matrix'!E468 -> 0.0077403971 | BB51: ='Correlation Matrix'!F468 -> 0.034877485 | BC51: ='Correlation Matrix'!G468 -> -0.0019927959 | BD51: ='Correlation Matrix'!H468 -> 0.039601134 | BE51: ='Correlation Matrix'!I468 -> 465
B52: ='Correlation Matrix'!B41 -> 24/04/2023 16:00:00 | C52: ='Correlation Matrix'!C41 -> 0.0018767979 | D52: =$B$2*D51+(1-$B$2)*C51^2 -> 0.00015464768 | H52: =B52 -> 24/04/2023 16:00:00 | I52: ='Correlation Matrix'!D41 -> -0.0070366665 | J52: =$B$2*J51+(1-$B$2)*I51^2 -> 0.00037312566 | N52: =H52 -> 24/04/2023 16:00:00 | O52: ='Correlation Matrix'!E41 -> 0.01385812 | P52: =$B$2*P51+(1-$B$2)*O51^2 -> 0.00015663484 | T52: =N52 -> 24/04/2023 16:00:00 | U52: ='Correlation Matrix'!F41 -> -0.016351311 | V52: =$B$2*V51+(1-$B$2)*U51^2 -> 0.00073365379 | Z52: =T52 -> 24/04/2023 16:00:00 | AA52: ='Correlation Matrix'!G41 -> -0.0013600546 | AB52: =$B$2*AB51+(1-$B$2)*AA51^2 -> 8.5420722e-05 | AF52: =Z52 -> 24/04/2023 16:00:00 | AG52: ='Correlation Matrix'!H41 -> 0.009620459 | AH52: =$B$2*AH51+(1-$B$2)*AG51^2 -> 0.00024688059 | AX52: ='Correlation Matrix'!B467 -> 02/01/2025 16:00:00 | AY52: ='Correlation Matrix'!C467 -> -0.026586226 | AZ52: ='Correlation Matrix'!D467 -> 0.0037760787 | BA52: ='Correlation Matrix'!E467 -> 0.012828164 | BB52: ='Correlation Matrix'!F467 -> 0.037025135 | BC52: ='Correlation Matrix'!G467 -> -0.0079506982 | BD52: ='Correlation Matrix'!H467 -> 0.081063426 | BE52: ='Correlation Matrix'!I467 -> 464
B53: ='Correlation Matrix'!B42 -> 25/04/2023 16:00:00 | C53: ='Correlation Matrix'!C42 -> -0.0094804721 | D53: =$B$2*D52+(1-$B$2)*C52^2 -> 0.00014558017 | H53: =B53 -> 25/04/2023 16:00:00 | I53: ='Correlation Matrix'!D42 -> -0.034872774 | J53: =$B$2*J52+(1-$B$2)*I52^2 -> 0.00035370901 | N53: =H53 -> 25/04/2023 16:00:00 | O53: ='Correlation Matrix'!E42 -> -0.0146271 | P53: =$B$2*P52+(1-$B$2)*O52^2 -> 0.0001587596 | T53: =N53 -> 25/04/2023 16:00:00 | U53: ='Correlation Matrix'!F42 -> -0.024833354 | V53: =$B$2*V52+(1-$B$2)*U52^2 -> 0.00070567648 | Z53: =T53 -> 25/04/2023 16:00:00 | AA53: ='Correlation Matrix'!G42 -> -0.016683647 | AB53: =$B$2*AB52+(1-$B$2)*AA52^2 -> 8.0406463e-05 | AF53: =Z53 -> 25/04/2023 16:00:00 | AG53: ='Correlation Matrix'!H42 -> -0.0046686636 | AH53: =$B$2*AH52+(1-$B$2)*AG52^2 -> 0.00023762095 | AX53: ='Correlation Matrix'!B466 -> 31/12/2024 16:00:00 | AY53: ='Correlation Matrix'!C466 -> -0.0070829153 | AZ53: ='Correlation Matrix'!D466 -> -0.0086682791 | BA53: ='Correlation Matrix'!E466 -> 0.012295664 | BB53: ='Correlation Matrix'!F466 -> 0.0002219017 | BC53: ='Correlation Matrix'!G466 -> 0.0019389429 | BD53: ='Correlation Matrix'!H466 -> -0.011599357 | BE53: ='Correlation Matrix'!I466 -> 463
B54: ='Correlation Matrix'!B43 -> 26/04/2023 16:00:00 | C54: ='Correlation Matrix'!C43 -> -6.1063109e-05 | D54: =$B$2*D53+(1-$B$2)*C53^2 -> 0.00014223812 | H54: =B54 -> 26/04/2023 16:00:00 | I54: ='Correlation Matrix'!D43 -> 0.023224364 | J54: =$B$2*J53+(1-$B$2)*I53^2 -> 0.00040545309 | N54: =H54 -> 26/04/2023 16:00:00 | O54: ='Correlation Matrix'!E43 -> -0.017972242 | P54: =$B$2*P53+(1-$B$2)*O53^2 -> 0.00016207114 | T54: =N54 -> 26/04/2023 16:00:00 | U54: ='Correlation Matrix'!F43 -> 0.01797434 | V54: =$B$2*V53+(1-$B$2)*U53^2 -> 0.00070033762 | Z54: =T54 -> 26/04/2023 16:00:00 | AA54: ='Correlation Matrix'!G43 -> -0.0048144363 | AB54: =$B$2*AB53+(1-$B$2)*AA53^2 -> 9.228272e-05 | AF54: =Z54 -> 26/04/2023 16:00:00 | AG54: ='Correlation Matrix'!H43 -> -0.014006381 | AH54: =$B$2*AH53+(1-$B$2)*AG53^2 -> 0.00022467147 | AX54: ='Correlation Matrix'!B465 -> 30/12/2024 16:00:00 | AY54: ='Correlation Matrix'!C465 -> -0.013352175 | AZ54: ='Correlation Matrix'!D465 -> -0.01101011 | BA54: ='Correlation Matrix'!E465 -> -0.0064792786 | BB54: ='Correlation Matrix'!F465 -> -0.018034357 | BC54: ='Correlation Matrix'!G465 -> -0.012574025 | BD54: ='Correlation Matrix'!H465 -> -0.00097160278 | BE54: ='Correlation Matrix'!I465 -> 462
B55: ='Correlation Matrix'!B44 -> 27/04/2023 16:00:00 | C55: ='Correlation Matrix'!C44 -> 0.027999541 | D55: =$B$2*D54+(1-$B$2)*C54^2 -> 0.00013370405 | H55: =B55 -> 27/04/2023 16:00:00 | I55: ='Correlation Matrix'!D44 -> 0.045072806 | J55: =$B$2*J54+(1-$B$2)*I54^2 -> 0.00041348817 | N55: =H55 -> 27/04/2023 16:00:00 | O55: ='Correlation Matrix'!E44 -> 0.0058270672 | P55: =$B$2*P54+(1-$B$2)*O54^2 -> 0.00017172697 | T55: =N55 -> 27/04/2023 16:00:00 | U55: ='Correlation Matrix'!F44 -> 0.0024262042 | V55: =$B$2*V54+(1-$B$2)*U54^2 -> 0.00067770198 | Z55: =T55 -> 27/04/2023 16:00:00 | AA55: ='Correlation Matrix'!G44 -> 0.018665372 | AB55: =$B$2*AB54+(1-$B$2)*AA54^2 -> 8.8136485e-05 | AF55: =Z55 -> 27/04/2023 16:00:00 | AG55: ='Correlation Matrix'!H44 -> 0.01166385 | AH55: =$B$2*AH54+(1-$B$2)*AG54^2 -> 0.00022296191 | AX55: ='Correlation Matrix'!B464 -> 27/12/2024 16:00:00 | AY55: ='Correlation Matrix'!C464 -> -0.013330681 | AZ55: ='Correlation Matrix'!D464 -> -0.0146409 | BA55: ='Correlation Matrix'!E464 -> 0.00013889853 | BB55: ='Correlation Matrix'!F464 -> -0.01642925 | BC55: ='Correlation Matrix'!G464 -> -0.0073946141 | BD55: ='Correlation Matrix'!H464 -> -0.0092271844 | BE55: ='Correlation Matrix'!I464 -> 461
B56: ='Correlation Matrix'!B45 -> 28/04/2023 16:00:00 | C56: ='Correlation Matrix'!C45 -> 0.0075128278 | D56: =$B$2*D55+(1-$B$2)*C55^2 -> 0.00017272027 | H56: =B56 -> 28/04/2023 16:00:00 | I56: ='Correlation Matrix'!D45 -> -0.040605755 | J56: =$B$2*J55+(1-$B$2)*I55^2 -> 0.00051057235 | N56: =H56 -> 28/04/2023 16:00:00 | O56: ='Correlation Matrix'!E45 -> 0.0097160482 | P56: =$B$2*P55+(1-$B$2)*O55^2 -> 0.00016346063 | T56: =N56 -> 28/04/2023 16:00:00 | U56: ='Correlation Matrix'!F45 -> 0.050020271 | V56: =$B$2*V55+(1-$B$2)*U55^2 -> 0.00063739305 | Z56: =T56 -> 28/04/2023 16:00:00 | AA56: ='Correlation Matrix'!G45 -> 0.016877142 | AB56: =$B$2*AB55+(1-$B$2)*AA55^2 -> 0.00010375206 | AF56: =Z56 -> 28/04/2023 16:00:00 | AG56: ='Correlation Matrix'!H45 -> 0.0084333941 | AH56: =$B$2*AH55+(1-$B$2)*AG55^2 -> 0.00021774692 | AX56: ='Correlation Matrix'!B463 -> 26/12/2024 16:00:00 | AY56: ='Correlation Matrix'!C463 -> 0.0031708004 | AZ56: ='Correlation Matrix'!D463 -> -0.0087700628 | BA56: ='Correlation Matrix'!E463 -> 0.00097283032 | BB56: ='Correlation Matrix'!F463 -> 0 | BC56: ='Correlation Matrix'!G463 -> 0.00082100279 | BD56: ='Correlation Matrix'!H463 -> -0.0050171342 | BE56: ='Correlation Matrix'!I463 -> 460
B57: ='Correlation Matrix'!B46 -> 01/05/2023 16:00:00 | C57: ='Correlation Matrix'!C46 -> -0.0005305509 | D57: =$B$2*D56+(1-$B$2)*C56^2 -> 0.00016574361 | H57: =B57 -> 01/05/2023 16:00:00 | I57: ='Correlation Matrix'!D46 -> -0.032774018 | J57: =$B$2*J56+(1-$B$2)*I56^2 -> 0.00057886765 | N57: =H57 -> 01/05/2023 16:00:00 | O57: ='Correlation Matrix'!E46 -> -0.0079805081 | P57: =$B$2*P56+(1-$B$2)*O56^2 -> 0.00015931709 | T57: =N57 -> 01/05/2023 16:00:00 | U57: ='Correlation Matrix'!F46 -> -0.011203517 | V57: =$B$2*V56+(1-$B$2)*U56^2 -> 0.00074927112 | Z57: =T57 -> 01/05/2023 16:00:00 | AA57: ='Correlation Matrix'!G46 -> -0.00044743319 | AB57: =$B$2*AB56+(1-$B$2)*AA56^2 -> 0.00011461721 | AF57: =Z57 -> 01/05/2023 16:00:00 | AG57: ='Correlation Matrix'!H46 -> -0.0045322188 | AH57: =$B$2*AH56+(1-$B$2)*AG56^2 -> 0.00020894943 | AX57: ='Correlation Matrix'!B462 -> 24/12/2024 13:05:00 | AY57: ='Correlation Matrix'!C462 -> 0.01141267 | AZ57: ='Correlation Matrix'!D462 -> 0.017573287 | BA57: ='Correlation Matrix'!E462 -> 0.0060667527 | BB57: ='Correlation Matrix'!F462 -> 0.0023612762 | BC57: ='Correlation Matrix'!G462 -> 0.012680155 | BD57: ='Correlation Matrix'!H462 -> 0.0065929027 | BE57: ='Correlation Matrix'!I462 -> 459
B58: ='Correlation Matrix'!B47 -> 02/05/2023 16:00:00 | C58: ='Correlation Matrix'!C47 -> -0.006210649 | D58: =$B$2*D57+(1-$B$2)*C57^2 -> 0.00015581588 | H58: =B58 -> 02/05/2023 16:00:00 | I58: ='Correlation Matrix'!D47 -> 0.015363974 | J58: =$B$2*J57+(1-$B$2)*I57^2 -> 0.00060858376 | N58: =H58 -> 02/05/2023 16:00:00 | O58: ='Correlation Matrix'!E47 -> -0.044006122 | P58: =$B$2*P57+(1-$B$2)*O57^2 -> 0.00015357937 | T58: =N58 -> 02/05/2023 16:00:00 | U58: ='Correlation Matrix'!F47 -> -0.017241806 | V58: =$B$2*V57+(1-$B$2)*U57^2 -> 0.00071184598 | Z58: =T58 -> 02/05/2023 16:00:00 | AA58: ='Correlation Matrix'!G47 -> -0.010133836 | AB58: =$B$2*AB57+(1-$B$2)*AA57^2 -> 0.00010775219 | AF58: =Z58 -> 02/05/2023 16:00:00 | AG58: ='Correlation Matrix'!H47 -> -0.0033801384 | AH58: =$B$2*AH57+(1-$B$2)*AG57^2 -> 0.00019764493 | AX58: ='Correlation Matrix'!B461 -> 23/12/2024 16:00:00 | AY58: ='Correlation Matrix'!C461 -> 0.003060266 | AZ58: ='Correlation Matrix'!D461 -> 0.0006222499 | BA58: ='Correlation Matrix'!E461 -> 0.00083968936 | BB58: ='Correlation Matrix'!F461 -> 0.021725817 | BC58: ='Correlation Matrix'!G461 -> 0.0017597144 | BD58: ='Correlation Matrix'!H461 -> 0.0055348263 | BE58: ='Correlation Matrix'!I461 -> 458
B59: ='Correlation Matrix'!B48 -> 03/05/2023 16:00:00 | C59: ='Correlation Matrix'!C48 -> -0.0064883111 | D59: =$B$2*D58+(1-$B$2)*C58^2 -> 0.00014878126 | H59: =B59 -> 03/05/2023 16:00:00 | I59: ='Correlation Matrix'!D48 -> 0.00019297569 | J59: =$B$2*J58+(1-$B$2)*I58^2 -> 0.00058623184 | N59: =H59 -> 03/05/2023 16:00:00 | O59: ='Correlation Matrix'!E48 -> -0.020261368 | P59: =$B$2*P58+(1-$B$2)*O58^2 -> 0.00026055694 | T59: =N59 -> 03/05/2023 16:00:00 | U59: ='Correlation Matrix'!F48 -> -0.012728891 | V59: =$B$2*V58+(1-$B$2)*U58^2 -> 0.00068697201 | Z59: =T59 -> 03/05/2023 16:00:00 | AA59: ='Correlation Matrix'!G48 -> -0.0030096037 | AB59: =$B$2*AB58+(1-$B$2)*AA58^2 -> 0.00010744874 | AF59: =Z59 -> 03/05/2023 16:00:00 | AG59: ='Correlation Matrix'!H48 -> -0.0036529721 | AH59: =$B$2*AH58+(1-$B$2)*AG58^2 -> 0.00018647175 | AX59: ='Correlation Matrix'!B460 -> 20/12/2024 16:00:00 | AY59: ='Correlation Matrix'!C460 -> 0.018640978 | AZ59: ='Correlation Matrix'!D460 -> 0.0072734084 | BA59: ='Correlation Matrix'!E460 -> 0.011971974 | BB59: ='Correlation Matrix'!F460 -> 0.010376514 | BC59: ='Correlation Matrix'!G460 -> 0.0090364066 | BD59: ='Correlation Matrix'!H460 -> 0.0081824469 | BE59: ='Correlation Matrix'!I460 -> 457
B60: ='Correlation Matrix'!B49 -> 04/05/2023 16:00:00 | C60: ='Correlation Matrix'!C49 -> -0.009962872 | D60: =$B$2*D59+(1-$B$2)*C59^2 -> 0.00014238027 | H60: =B60 -> 04/05/2023 16:00:00 | I60: ='Correlation Matrix'!D49 -> 0.0033710603 | J60: =$B$2*J59+(1-$B$2)*I59^2 -> 0.00055106016 | N60: =H60 -> 04/05/2023 16:00:00 | O60: ='Correlation Matrix'!E49 -> -0.003897146 | P60: =$B$2*P59+(1-$B$2)*O59^2 -> 0.0002695549 | T60: =N60 -> 04/05/2023 16:00:00 | U60: ='Correlation Matrix'!F49 -> -0.00040040041 | V60: =$B$2*V59+(1-$B$2)*U59^2 -> 0.00065547517 | Z60: =T60 -> 04/05/2023 16:00:00 | AA60: ='Correlation Matrix'!G49 -> 0.0032489177 | AB60: =$B$2*AB59+(1-$B$2)*AA59^2 -> 0.00010154528 | AF60: =Z60 -> 04/05/2023 16:00:00 | AG60: ='Correlation Matrix'!H49 -> 0.026823014 | AH60: =$B$2*AH59+(1-$B$2)*AG59^2 -> 0.0001760841 | AX60: ='Correlation Matrix'!B459 -> 19/12/2024 16:00:00 | AY60: ='Correlation Matrix'!C459 -> 0.0069902261 | AZ60: ='Correlation Matrix'!D459 -> 0.012482981 | BA60: ='Correlation Matrix'!E459 -> -0.020545546 | BB60: ='Correlation Matrix'!F459 -> -0.063830881 | BC60: ='Correlation Matrix'!G459 -> 0.0063648081 | BD60: ='Correlation Matrix'!H459 -> -0.0026168156 | BE60: ='Correlation Matrix'!I459 -> 456
B61: ='Correlation Matrix'!B50 -> 05/05/2023 16:00:00 | C61: ='Correlation Matrix'!C50 -> 0.045859049 | D61: =$B$2*D60+(1-$B$2)*C60^2 -> 0.00013979299 | H61: =B61 -> 05/05/2023 16:00:00 | I61: ='Correlation Matrix'!D50 -> 0.015835493 | J61: =$B$2*J60+(1-$B$2)*I60^2 -> 0.00051867839 | N61: =H61 -> 05/05/2023 16:00:00 | O61: ='Correlation Matrix'!E50 -> 0.025220184 | P61: =$B$2*P60+(1-$B$2)*O60^2 -> 0.00025429288 | T61: =N61 -> 05/05/2023 16:00:00 | U61: ='Correlation Matrix'!F50 -> 0.012338465 | V61: =$B$2*V60+(1-$B$2)*U60^2 -> 0.00061615628 | Z61: =T61 -> 05/05/2023 16:00:00 | AA61: ='Correlation Matrix'!G50 -> 0.022451586 | AB61: =$B$2*AB60+(1-$B$2)*AA60^2 -> 9.6085889e-05 | AF61: =Z61 -> 05/05/2023 16:00:00 | AG61: ='Correlation Matrix'!H50 -> 0.011386763 | AH61: =$B$2*AH60+(1-$B$2)*AG60^2 -> 0.0002086875 | AX61: ='Correlation Matrix'!B458 -> 18/12/2024 16:00:00 | AY61: ='Correlation Matrix'!C458 -> -0.021654586 | AZ61: ='Correlation Matrix'!D458 -> -0.047078457 | BA61: ='Correlation Matrix'!E458 -> -0.02758654 | BB61: ='Correlation Matrix'!F458 -> -0.01713325 | BC61: ='Correlation Matrix'!G458 -> -0.021028968 | BD61: ='Correlation Matrix'!H458 -> -0.036873743 | BE61: ='Correlation Matrix'!I458 -> 455
B62: ='Correlation Matrix'!B51 -> 08/05/2023 16:00:00 | C62: ='Correlation Matrix'!C51 -> -0.00040337685 | D62: =$B$2*D61+(1-$B$2)*C61^2 -> 0.00025758855 | H62: =B62 -> 08/05/2023 16:00:00 | I62: ='Correlation Matrix'!D51 -> 0.0016076414 | J62: =$B$2*J61+(1-$B$2)*I61^2 -> 0.00050260346 | N62: =H62 -> 08/05/2023 16:00:00 | O62: ='Correlation Matrix'!E51 -> -0.0039400908 | P62: =$B$2*P61+(1-$B$2)*O61^2 -> 0.00027719877 | T62: =N62 -> 08/05/2023 16:00:00 | U62: ='Correlation Matrix'!F51 -> 0.02191011 | V62: =$B$2*V61+(1-$B$2)*U61^2 -> 0.00058832117 | Z62: =T62 -> 08/05/2023 16:00:00 | AA62: ='Correlation Matrix'!G51 -> 0.0022073058 | AB62: =$B$2*AB61+(1-$B$2)*AA61^2 -> 0.00012056516 | AF62: =Z62 -> 08/05/2023 16:00:00 | AG62: ='Correlation Matrix'!H51 -> -0.0098610154 | AH62: =$B$2*AH61+(1-$B$2)*AG61^2 -> 0.00020394575 | AX62: ='Correlation Matrix'!B457 -> 17/12/2024 16:00:00 | AY62: ='Correlation Matrix'!C457 -> 0.0096726355 | AZ62: ='Correlation Matrix'!D457 -> -0.0076711288 | BA62: ='Correlation Matrix'!E457 -> -0.0084042583 | BB62: ='Correlation Matrix'!F457 -> -0.010181314 | BC62: ='Correlation Matrix'!G457 -> 0.0013191122 | BD62: ='Correlation Matrix'!H457 -> -0.021371764 | BE62: ='Correlation Matrix'!I457 -> 454
B63: ='Correlation Matrix'!B52 -> 09/05/2023 16:00:00 | C63: ='Correlation Matrix'!C52 -> -0.010021227 | D63: =$B$2*D62+(1-$B$2)*C62^2 -> 0.000242143 | H63: =B63 -> 09/05/2023 16:00:00 | I63: ='Correlation Matrix'!D52 -> 0.0074370783 | J63: =$B$2*J62+(1-$B$2)*I62^2 -> 0.00047260232 | N63: =H63 -> 09/05/2023 16:00:00 | O63: ='Correlation Matrix'!E52 -> -0.0028867293 | P63: =$B$2*P62+(1-$B$2)*O62^2 -> 0.0002614983 | T63: =N63 -> 09/05/2023 16:00:00 | U63: ='Correlation Matrix'!F52 -> -0.017174505 | V63: =$B$2*V62+(1-$B$2)*U62^2 -> 0.00058182507 | Z63: =T63 -> 09/05/2023 16:00:00 | AA63: ='Correlation Matrix'!G52 -> -0.0066888141 | AB63: =$B$2*AB62+(1-$B$2)*AA62^2 -> 0.00011362358 | AF63: =Z63 -> 09/05/2023 16:00:00 | AG63: ='Correlation Matrix'!H52 -> 0.0030445285 | AH63: =$B$2*AH62+(1-$B$2)*AG62^2 -> 0.00019754338 | AX63: ='Correlation Matrix'!B456 -> 16/12/2024 16:00:00 | AY63: ='Correlation Matrix'!C456 -> 0.011659487 | AZ63: ='Correlation Matrix'!D456 -> 0.02376358 | BA63: ='Correlation Matrix'!E456 -> -0.029748591 | BB63: ='Correlation Matrix'!F456 -> 0.0028403346 | BC63: ='Correlation Matrix'!G456 -> 0.0024733094 | BD63: ='Correlation Matrix'!H456 -> 0.00096159884 | BE63: ='Correlation Matrix'!I456 -> 453
B64: ='Correlation Matrix'!B53 -> 10/05/2023 16:00:00 | C64: ='Correlation Matrix'!C53 -> 0.010366988 | D64: =$B$2*D63+(1-$B$2)*C63^2 -> 0.00023363992 | H64: =B64 -> 10/05/2023 16:00:00 | I64: ='Correlation Matrix'!D53 -> 0.032935037 | J64: =$B$2*J63+(1-$B$2)*I63^2 -> 0.00044756479 | N64: =H64 -> 10/05/2023 16:00:00 | O64: ='Correlation Matrix'!E53 -> -0.012839745 | P64: =$B$2*P63+(1-$B$2)*O63^2 -> 0.00024630839 | T64: =N64 -> 10/05/2023 16:00:00 | U64: ='Correlation Matrix'!F53 -> -0.021891421 | V64: =$B$2*V63+(1-$B$2)*U63^2 -> 0.00056461339 | Z64: =T64 -> 10/05/2023 16:00:00 | AA64: ='Correlation Matrix'!G53 -> -0.001045096 | AB64: =$B$2*AB63+(1-$B$2)*AA63^2 -> 0.00010949058 | AF64: =Z64 -> 10/05/2023 16:00:00 | AG64: ='Correlation Matrix'!H53 -> 0.0064390097 | AH64: =$B$2*AH63+(1-$B$2)*AG63^2 -> 0.00018624693 | AX64: ='Correlation Matrix'!B455 -> 13/12/2024 16:00:00 | AY64: ='Correlation Matrix'!C455 -> 0.00068535954 | AZ64: ='Correlation Matrix'!D455 -> -0.0066165918 | BA64: ='Correlation Matrix'!E455 -> -0.0054443067 | BB64: ='Correlation Matrix'!F455 -> -0.013320076 | BC64: ='Correlation Matrix'!G455 -> -0.0064254374 | BD64: ='Correlation Matrix'!H455 -> 0.00020916564 | BE64: ='Correlation Matrix'!I455 -> 452
B65: ='Correlation Matrix'!B54 -> 11/05/2023 16:00:00 | C65: ='Correlation Matrix'!C54 -> 0.0010941235 | D65: =$B$2*D64+(1-$B$2)*C64^2 -> 0.00022606999 | H65: =B65 -> 11/05/2023 16:00:00 | I65: ='Correlation Matrix'!D54 -> 0.017898576 | J65: =$B$2*J64+(1-$B$2)*I64^2 -> 0.0004857939 | N65: =H65 -> 11/05/2023 16:00:00 | O65: ='Correlation Matrix'!E54 -> -0.0055536193 | P65: =$B$2*P64+(1-$B$2)*O64^2 -> 0.00024142143 | T65: =N65 -> 11/05/2023 16:00:00 | U65: ='Correlation Matrix'!F54 -> -0.01011131 | V65: =$B$2*V64+(1-$B$2)*U64^2 -> 0.00055949064 | Z65: =T65 -> 11/05/2023 16:00:00 | AA65: ='Correlation Matrix'!G54 -> 0.0022195249 | AB65: =$B$2*AB64+(1-$B$2)*AA64^2 -> 0.00010298668 | AF65: =Z65 -> 11/05/2023 16:00:00 | AG65: ='Correlation Matrix'!H54 -> -0.0042880631 | AH65: =$B$2*AH64+(1-$B$2)*AG64^2 -> 0.00017755976 | AX65: ='Correlation Matrix'!B454 -> 12/12/2024 16:00:00 | AY65: ='Correlation Matrix'!C454 -> 0.0059460181 | AZ65: ='Correlation Matrix'!D454 -> -0.0056181146 | BA65: ='Correlation Matrix'!E454 -> -0.0096488591 | BB65: ='Correlation Matrix'!F454 -> -0.057648359 | BC65: ='Correlation Matrix'!G454 -> -0.0038243115 | BD65: ='Correlation Matrix'!H454 -> 0.010176279 | BE65: ='Correlation Matrix'!I454 -> 451
B66: ='Correlation Matrix'!B55 -> 12/05/2023 16:00:00 | C66: ='Correlation Matrix'!C55 -> -0.0068145332 | D66: =$B$2*D65+(1-$B$2)*C65^2 -> 0.00021257762 | H66: =B66 -> 12/05/2023 16:00:00 | I66: ='Correlation Matrix'!D55 -> -0.017263511 | J66: =$B$2*J65+(1-$B$2)*I65^2 -> 0.00047586781 | N66: =H66 -> 12/05/2023 16:00:00 | O66: ='Correlation Matrix'!E55 -> 0.0025572191 | P66: =$B$2*P65+(1-$B$2)*O65^2 -> 0.00022878671 | T66: =N66 -> 12/05/2023 16:00:00 | U66: ='Correlation Matrix'!F55 -> 0.014928661 | V66: =$B$2*V65+(1-$B$2)*U65^2 -> 0.00053205552 | Z66: =T66 -> 12/05/2023 16:00:00 | AA66: ='Correlation Matrix'!G55 -> -0.0038415853 | AB66: =$B$2*AB65+(1-$B$2)*AA65^2 -> 9.7103055e-05 | AF66: =Z66 -> 12/05/2023 16:00:00 | AG66: ='Correlation Matrix'!H55 -> 0.0091841873 | AH66: =$B$2*AH65+(1-$B$2)*AG65^2 -> 0.00016800943 | AX66: ='Correlation Matrix'!B453 -> 11/12/2024 16:00:00 | AY66: ='Correlation Matrix'!C453 -> -0.0051794718 | AZ66: ='Correlation Matrix'!D453 -> 0.022930941 | BA66: ='Correlation Matrix'!E453 -> -0.0050445495 | BB66: ='Correlation Matrix'!F453 -> 0.01564022 | BC66: ='Correlation Matrix'!G453 -> 0.010230845 | BD66: ='Correlation Matrix'!H453 -> 0.018169135 | BE66: ='Correlation Matrix'!I453 -> 450
B67: ='Correlation Matrix'!B56 -> 15/05/2023 16:00:00 | C67: ='Correlation Matrix'!C56 -> -0.0029015805 | D67: =$B$2*D66+(1-$B$2)*C66^2 -> 0.00020260923 | H67: =B67 -> 15/05/2023 16:00:00 | I67: ='Correlation Matrix'!D56 -> 0.0084891687 | J67: =$B$2*J66+(1-$B$2)*I66^2 -> 0.00046519747 | N67: =H67 -> 15/05/2023 16:00:00 | O67: ='Correlation Matrix'!E56 -> 0.0036963907 | P67: =$B$2*P66+(1-$B$2)*O66^2 -> 0.00021545187 | T67: =N67 -> 15/05/2023 16:00:00 | U67: ='Correlation Matrix'!F56 -> 0.10664123 | V67: =$B$2*V66+(1-$B$2)*U66^2 -> 0.00051350408 | Z67: =T67 -> 15/05/2023 16:00:00 | AA67: ='Correlation Matrix'!G56 -> 0.0038937501 | AB67: =$B$2*AB66+(1-$B$2)*AA66^2 -> 9.2162339e-05 | AF67: =Z67 -> 15/05/2023 16:00:00 | AG67: ='Correlation Matrix'!H56 -> 0.0052460775 | AH67: =$B$2*AH66+(1-$B$2)*AG66^2 -> 0.00016298982 | AX67: ='Correlation Matrix'!B452 -> 10/12/2024 16:00:00 | AY67: ='Correlation Matrix'!C452 -> 0.0041252182 | AZ67: ='Correlation Matrix'!D452 -> -0.0046549859 | BA67: ='Correlation Matrix'!E452 -> -0.00050942436 | BB67: ='Correlation Matrix'!F452 -> -0.027492489 | BC67: ='Correlation Matrix'!G452 -> 0.011770099 | BD67: ='Correlation Matrix'!H452 -> -0.031811912 | BE67: ='Correlation Matrix'!I452 -> 449
B68: ='Correlation Matrix'!B57 -> 16/05/2023 16:00:00 | C68: ='Correlation Matrix'!C57 -> 0 | D68: =$B$2*D67+(1-$B$2)*C67^2 -> 0.00019095783 | H68: =B68 -> 16/05/2023 16:00:00 | I68: ='Correlation Matrix'!D57 -> 0.019591009 | J68: =$B$2*J67+(1-$B$2)*I67^2 -> 0.00044160958 | N68: =H68 -> 16/05/2023 16:00:00 | O68: ='Correlation Matrix'!E57 -> -0.023753169 | P68: =$B$2*P67+(1-$B$2)*O67^2 -> 0.00020334455 | T68: =N68 -> 16/05/2023 16:00:00 | U68: ='Correlation Matrix'!F57 -> -0.0039675435 | V68: =$B$2*V67+(1-$B$2)*U67^2 -> 0.001165035 | Z68: =T68 -> 16/05/2023 16:00:00 | AA68: ='Correlation Matrix'!G57 -> -0.0083022804 | AB68: =$B$2*AB67+(1-$B$2)*AA67^2 -> 8.7542276e-05 | AF68: =Z68 -> 16/05/2023 16:00:00 | AG68: ='Correlation Matrix'!H57 -> -0.0159481 | AH68: =$B$2*AH67+(1-$B$2)*AG67^2 -> 0.00015486171 | AX68: ='Correlation Matrix'!B451 -> 09/12/2024 16:00:00 | AY68: ='Correlation Matrix'!C451 -> 0.015972888 | AZ68: ='Correlation Matrix'!D451 -> -0.0041490173 | BA68: ='Correlation Matrix'!E451 -> 0.011782923 | BB68: ='Correlation Matrix'!F451 -> -0.0046646227 | BC68: ='Correlation Matrix'!G451 -> -0.01093801 | BD68: ='Correlation Matrix'!H451 -> -0.055862784 | BE68: ='Correlation Matrix'!I451 -> 448
B69: ='Correlation Matrix'!B58 -> 17/05/2023 16:00:00 | C69: ='Correlation Matrix'!C58 -> 0.0035967088 | D69: =$B$2*D68+(1-$B$2)*C68^2 -> 0.00017950036 | H69: =B69 -> 17/05/2023 16:00:00 | I69: ='Correlation Matrix'!D58 -> 0.018349139 | J69: =$B$2*J68+(1-$B$2)*I68^2 -> 0.00043814147 | N69: =H69 -> 17/05/2023 16:00:00 | O69: ='Correlation Matrix'!E58 -> 0.014229591 | P69: =$B$2*P68+(1-$B$2)*O68^2 -> 0.00022499666 | T69: =N69 -> 17/05/2023 16:00:00 | U69: ='Correlation Matrix'!F58 -> 0.010068406 | V69: =$B$2*V68+(1-$B$2)*U68^2 -> 0.0010960774 | Z69: =T69 -> 17/05/2023 16:00:00 | AA69: ='Correlation Matrix'!G58 -> 0.017622061 | AB69: =$B$2*AB68+(1-$B$2)*AA68^2 -> 8.6425411e-05 | AF69: =Z69 -> 17/05/2023 16:00:00 | AG69: ='Correlation Matrix'!H58 -> 0.017441938 | AH69: =$B$2*AH68+(1-$B$2)*AG68^2 -> 0.00016083052 | AX69: ='Correlation Matrix'!B450 -> 06/12/2024 16:00:00 | AY69: ='Correlation Matrix'!C450 -> -0.00082324859 | AZ69: ='Correlation Matrix'!D450 -> 0.028957741 | BA69: ='Correlation Matrix'!E450 -> -0.026005217 | BB69: ='Correlation Matrix'!F450 -> -0.014598799 | BC69: ='Correlation Matrix'!G450 -> 0.0072151755 | BD69: ='Correlation Matrix'!H450 -> -0.0096524331 | BE69: ='Correlation Matrix'!I450 -> 447
B70: ='Correlation Matrix'!B59 -> 18/05/2023 16:00:00 | C70: ='Correlation Matrix'!C59 -> 0.013573568 | D70: =$B$2*D69+(1-$B$2)*C69^2 -> 0.00016950652 | H70: =B70 -> 18/05/2023 16:00:00 | I70: ='Correlation Matrix'!D59 -> 0.022684474 | J70: =$B$2*J69+(1-$B$2)*I69^2 -> 0.00043205443 | N70: =H70 -> 18/05/2023 16:00:00 | O70: ='Correlation Matrix'!E59 -> -0.010977767 | P70: =$B$2*P69+(1-$B$2)*O69^2 -> 0.00022364574 | T70: =N70 -> 18/05/2023 16:00:00 | U70: ='Correlation Matrix'!F59 -> 0.046487489 | V70: =$B$2*V69+(1-$B$2)*U69^2 -> 0.0010363951 | Z70: =T70 -> 18/05/2023 16:00:00 | AA70: ='Correlation Matrix'!G59 -> 0.012888166 | AB70: =$B$2*AB69+(1-$B$2)*AA69^2 -> 9.9872108e-05 | AF70: =Z70 -> 18/05/2023 16:00:00 | AG70: ='Correlation Matrix'!H59 -> 0.012485483 | AH70: =$B$2*AH69+(1-$B$2)*AG69^2 -> 0.00016943396 | AX70: ='Correlation Matrix'!B449 -> 05/12/2024 16:00:00 | AY70: ='Correlation Matrix'!C449 -> 0.00012344409 | AZ70: ='Correlation Matrix'!D449 -> 0.010895688 | BA70: ='Correlation Matrix'!E449 -> 0.0063592218 | BB70: ='Correlation Matrix'!F449 -> -0.0031138408 | BC70: ='Correlation Matrix'!G449 -> 0.0069413517 | BD70: ='Correlation Matrix'!H449 -> 0.0074075864 | BE70: ='Correlation Matrix'!I449 -> 446
B71: ='Correlation Matrix'!B60 -> 19/05/2023 16:00:00 | C71: ='Correlation Matrix'!C60 -> 0.00062819453 | D71: =$B$2*D70+(1-$B$2)*C70^2 -> 0.00017039063 | H71: =B71 -> 19/05/2023 16:00:00 | I71: ='Correlation Matrix'!D60 -> -0.016211959 | J71: =$B$2*J70+(1-$B$2)*I70^2 -> 0.00043700629 | N71: =H71 -> 19/05/2023 16:00:00 | O71: ='Correlation Matrix'!E60 -> 0.0078903527 | P71: =$B$2*P70+(1-$B$2)*O70^2 -> 0.00021745768 | T71: =N71 -> 19/05/2023 16:00:00 | U71: ='Correlation Matrix'!F60 -> -0.010989122 | V71: =$B$2*V70+(1-$B$2)*U70^2 -> 0.0011038766 | Z71: =T71 -> 19/05/2023 16:00:00 | AA71: ='Correlation Matrix'!G60 -> -0.0165901 | AB71: =$B$2*AB70+(1-$B$2)*AA70^2 -> 0.00010384607 | AF71: =Z71 -> 19/05/2023 16:00:00 | AG71: ='Correlation Matrix'!H60 -> 0.010995835 | AH71: =$B$2*AH70+(1-$B$2)*AG70^2 -> 0.00016862116 | AX71: ='Correlation Matrix'!B448 -> 04/12/2024 16:00:00 | AY71: ='Correlation Matrix'!C448 -> 0.0014825189 | AZ71: ='Correlation Matrix'!D448 -> 0.021872976 | BA71: ='Correlation Matrix'!E448 -> -0.022484085 | BB71: ='Correlation Matrix'!F448 -> 0.0090016223 | BC71: ='Correlation Matrix'!G448 -> -0.0096246399 | BD71: ='Correlation Matrix'!H448 -> 0.026670374 | BE71: ='Correlation Matrix'!I448 -> 445
B72: ='Correlation Matrix'!B61 -> 22/05/2023 16:00:00 | C72: ='Correlation Matrix'!C61 -> -0.0054957775 | D72: =$B$2*D71+(1-$B$2)*C71^2 -> 0.00016019087 | H72: =B72 -> 22/05/2023 16:00:00 | I72: ='Correlation Matrix'!D61 -> -0.010723963 | J72: =$B$2*J71+(1-$B$2)*I71^2 -> 0.00042655557 | N72: =H72 -> 22/05/2023 16:00:00 | O72: ='Correlation Matrix'!E61 -> -0.018136812 | P72: =$B$2*P71+(1-$B$2)*O71^2 -> 0.00020814568 | T72: =N72 -> 22/05/2023 16:00:00 | U72: ='Correlation Matrix'!F61 -> 0.0013802625 | V72: =$B$2*V71+(1-$B$2)*U71^2 -> 0.0010448896 | Z72: =T72 -> 22/05/2023 16:00:00 | AA72: ='Correlation Matrix'!G61 -> -0.0027009496 | AB72: =$B$2*AB71+(1-$B$2)*AA71^2 -> 0.00011412919 | AF72: =Z72 -> 22/05/2023 16:00:00 | AG72: ='Correlation Matrix'!H61 -> 0.014834741 | AH72: =$B$2*AH71+(1-$B$2)*AG71^2 -> 0.00016575839 | AX72: ='Correlation Matrix'!B447 -> 03/12/2024 16:00:00 | AY72: ='Correlation Matrix'!C447 -> 0.012690947 | AZ72: ='Correlation Matrix'!D447 -> 0.012872982 | BA72: ='Correlation Matrix'!E447 -> -0.001789406 | BB72: ='Correlation Matrix'!F447 -> -0.023886631 | BC72: ='Correlation Matrix'!G447 -> -0.0097963981 | BD72: ='Correlation Matrix'!H447 -> -0.0083285198 | BE72: ='Correlation Matrix'!I447 -> 444
B73: ='Correlation Matrix'!B62 -> 23/05/2023 16:00:00 | C73: ='Correlation Matrix'!C62 -> -0.015271005 | D73: =$B$2*D72+(1-$B$2)*C72^2 -> 0.00015239163 | H73: =B73 -> 23/05/2023 16:00:00 | I73: ='Correlation Matrix'!D62 -> -0.00017391304 | J73: =$B$2*J72+(1-$B$2)*I72^2 -> 0.00040786244 | N73: =H73 -> 23/05/2023 16:00:00 | O73: ='Correlation Matrix'!E62 -> 0.028518859 | P73: =$B$2*P72+(1-$B$2)*O72^2 -> 0.00021539357 | T73: =N73 -> 23/05/2023 16:00:00 | U73: ='Correlation Matrix'!F62 -> -0.014938614 | V73: =$B$2*V72+(1-$B$2)*U72^2 -> 0.00098231058 | Z73: =T73 -> 23/05/2023 16:00:00 | AA73: ='Correlation Matrix'!G62 -> -0.028434685 | AB73: =$B$2*AB72+(1-$B$2)*AA72^2 -> 0.00010771915 | AF73: =Z73 -> 23/05/2023 16:00:00 | AG73: ='Correlation Matrix'!H62 -> 0.0060870272 | AH73: =$B$2*AH72+(1-$B$2)*AG72^2 -> 0.00016901706 | AX73: ='Correlation Matrix'!B446 -> 02/12/2024 16:00:00 | AY73: ='Correlation Matrix'!C446 -> 0.0094775514 | AZ73: ='Correlation Matrix'!D446 -> 0.013473687 | BA73: ='Correlation Matrix'!E446 -> 0.001727649 | BB73: ='Correlation Matrix'!F446 -> 0.0059636935 | BC73: ='Correlation Matrix'!G446 -> -0.0029690898 | BD73: ='Correlation Matrix'!H446 -> -0.02758305 | BE73: ='Correlation Matrix'!I446 -> 443
B74: ='Correlation Matrix'!B63 -> 24/05/2023 16:00:00 | C74: ='Correlation Matrix'!C63 -> 0.0016307517 | D74: =$B$2*D73+(1-$B$2)*C73^2 -> 0.00015724035 | H74: =B74 -> 24/05/2023 16:00:00 | I74: ='Correlation Matrix'!D63 -> 0.015189728 | J74: =$B$2*J73+(1-$B$2)*I73^2 -> 0.0003833925 | N74: =H74 -> 24/05/2023 16:00:00 | O74: ='Correlation Matrix'!E63 -> 0.0026741389 | P74: =$B$2*P73+(1-$B$2)*O73^2 -> 0.00025126948 | T74: =N74 -> 24/05/2023 16:00:00 | U74: ='Correlation Matrix'!F63 -> -0.015165165 | V74: =$B$2*V73+(1-$B$2)*U73^2 -> 0.00093676167 | Z74: =T74 -> 24/05/2023 16:00:00 | AA74: ='Correlation Matrix'!G63 -> -0.014146413 | AB74: =$B$2*AB73+(1-$B$2)*AA73^2 -> 0.00014976788 | AF74: =Z74 -> 24/05/2023 16:00:00 | AG74: ='Correlation Matrix'!H63 -> -0.008724286 | AH74: =$B$2*AH73+(1-$B$2)*AG73^2 -> 0.00016109915 | AX74: ='Correlation Matrix'!B445 -> 29/11/2024 13:05:00 | AY74: ='Correlation Matrix'!C445 -> 0.01016398 | AZ74: ='Correlation Matrix'!D445 -> 0.010395858 | BA74: ='Correlation Matrix'!E445 -> -0.0011109741 | BB74: ='Correlation Matrix'!F445 -> 0.020694814 | BC74: ='Correlation Matrix'!G445 -> 0.0010513274 | BD74: ='Correlation Matrix'!H445 -> 0.012432752 | BE74: ='Correlation Matrix'!I445 -> 442
B75: ='Correlation Matrix'!B64 -> 25/05/2023 16:00:00 | C75: ='Correlation Matrix'!C64 -> 0.006669978 | D75: =$B$2*D74+(1-$B$2)*C74^2 -> 0.00014796549 | H75: =B75 -> 25/05/2023 16:00:00 | I75: ='Correlation Matrix'!D64 -> -0.015102768 | J75: =$B$2*J74+(1-$B$2)*I74^2 -> 0.00037423262 | N75: =H75 -> 25/05/2023 16:00:00 | O75: ='Correlation Matrix'!E64 -> -0.017381703 | P75: =$B$2*P74+(1-$B$2)*O74^2 -> 0.00023662237 | T75: =N75 -> 25/05/2023 16:00:00 | U75: ='Correlation Matrix'!F64 -> 0.016564255 | V75: =$B$2*V74+(1-$B$2)*U74^2 -> 0.00089435491 | Z75: =T75 -> 25/05/2023 16:00:00 | AA75: ='Correlation Matrix'!G64 -> 0.0041703963 | AB75: =$B$2*AB74+(1-$B$2)*AA74^2 -> 0.00015278906 | AF75: =Z75 -> 25/05/2023 16:00:00 | AG75: ='Correlation Matrix'!H64 -> -0.0067445757 | AH75: =$B$2*AH74+(1-$B$2)*AG74^2 -> 0.00015599999 | AX75: ='Correlation Matrix'!B444 -> 27/11/2024 16:00:00 | AY75: ='Correlation Matrix'!C444 -> -0.00055320327 | AZ75: ='Correlation Matrix'!D444 -> -0.01025154 | BA75: ='Correlation Matrix'!E444 -> -0.002587483 | BB75: ='Correlation Matrix'!F444 -> -0.021057264 | BC75: ='Correlation Matrix'!G444 -> 0.0073525584 | BD75: ='Correlation Matrix'!H444 -> -0.051307107 | BE75: ='Correlation Matrix'!I444 -> 441
B76: ='Correlation Matrix'!B65 -> 26/05/2023 16:00:00 | C76: ='Correlation Matrix'!C65 -> 0.014006314 | D76: =$B$2*D75+(1-$B$2)*C75^2 -> 0.00014175688 | H76: =B76 -> 26/05/2023 16:00:00 | I76: ='Correlation Matrix'!D65 -> 0.043475861 | J76: =$B$2*J75+(1-$B$2)*I75^2 -> 0.00036546428 | N76: =H76 -> 26/05/2023 16:00:00 | O76: ='Correlation Matrix'!E65 -> -0.0031104224 | P76: =$B$2*P75+(1-$B$2)*O75^2 -> 0.00024055244 | T76: =N76 -> 26/05/2023 16:00:00 | U76: ='Correlation Matrix'!F65 -> 0.048107519 | V76: =$B$2*V75+(1-$B$2)*U75^2 -> 0.00085715609 | Z76: =T76 -> 26/05/2023 16:00:00 | AA76: ='Correlation Matrix'!G65 -> 0.011633505 | AB76: =$B$2*AB75+(1-$B$2)*AA75^2 -> 0.00014466525 | AF76: =Z76 -> 26/05/2023 16:00:00 | AG76: ='Correlation Matrix'!H65 -> 0.013205474 | AH76: =$B$2*AH75+(1-$B$2)*AG75^2 -> 0.00014936935 | AX76: ='Correlation Matrix'!B443 -> 26/11/2024 16:00:00 | AY76: ='Correlation Matrix'!C443 -> 0.0093604428 | AZ76: ='Correlation Matrix'!D443 -> 0.031323565 | BA76: ='Correlation Matrix'!E443 -> 0.013441312 | BB76: ='Correlation Matrix'!F443 -> 0.050349633 | BC76: ='Correlation Matrix'!G443 -> 0.0035637146 | BD76: ='Correlation Matrix'!H443 -> 0.069065178 | BE76: ='Correlation Matrix'!I443 -> 440
B77: ='Correlation Matrix'!B66 -> 30/05/2023 16:00:00 | C77: ='Correlation Matrix'!C66 -> 0.01060311 | D77: =$B$2*D76+(1-$B$2)*C76^2 -> 0.00014502207 | H77: =B77 -> 30/05/2023 16:00:00 | I77: ='Correlation Matrix'!D66 -> 0.012822279 | J77: =$B$2*J76+(1-$B$2)*I76^2 -> 0.00045694546 | N77: =H77 -> 30/05/2023 16:00:00 | O77: ='Correlation Matrix'!E66 -> -0.0062500203 | P77: =$B$2*P76+(1-$B$2)*O76^2 -> 0.00022669978 | T77: =N77 -> 30/05/2023 16:00:00 | U77: ='Correlation Matrix'!F66 -> 0.0059780982 | V77: =$B$2*V76+(1-$B$2)*U76^2 -> 0.00094458672 | Z77: =T77 -> 30/05/2023 16:00:00 | AA77: ='Correlation Matrix'!G66 -> -0.018521295 | AB77: =$B$2*AB76+(1-$B$2)*AA76^2 -> 0.00014410564 | AF77: =Z77 -> 30/05/2023 16:00:00 | AG77: ='Correlation Matrix'!H66 -> -0.0017905108 | AH77: =$B$2*AH76+(1-$B$2)*AG76^2 -> 0.00015087026 | AX77: ='Correlation Matrix'!B442 -> 25/11/2024 16:00:00 | AY77: ='Correlation Matrix'!C442 -> 0.012966426 | AZ77: ='Correlation Matrix'!D442 -> 0.021728531 | BA77: ='Correlation Matrix'!E442 -> -0.012394804 | BB77: ='Correlation Matrix'!F442 -> 0.044217935 | BC77: ='Correlation Matrix'!G442 -> 0.010959955 | BD77: ='Correlation Matrix'!H442 -> -0.0038490886 | BE77: ='Correlation Matrix'!I442 -> 439
B78: ='Correlation Matrix'!B67 -> 31/05/2023 16:00:00 | C78: ='Correlation Matrix'!C67 -> -0.00028204767 | D78: =$B$2*D77+(1-$B$2)*C77^2 -> 0.0001430663 | H78: =B78 -> 31/05/2023 16:00:00 | I78: ='Correlation Matrix'!D67 -> -0.0089168358 | J78: =$B$2*J77+(1-$B$2)*I77^2 -> 0.00043939338 | N78: =H78 -> 31/05/2023 16:00:00 | O78: ='Correlation Matrix'!E67 -> -0.016461819 | P78: =$B$2*P77+(1-$B$2)*O77^2 -> 0.00021544156 | T78: =N78 -> 31/05/2023 16:00:00 | U78: ='Correlation Matrix'!F67 -> -0.031278824 | V78: =$B$2*V77+(1-$B$2)*U77^2 -> 0.00089005578 | Z78: =T78 -> 31/05/2023 16:00:00 | AA78: ='Correlation Matrix'!G67 -> -0.0067711721 | AB78: =$B$2*AB77+(1-$B$2)*AA77^2 -> 0.00015604161 | AF78: =Z78 -> 31/05/2023 16:00:00 | AG78: ='Correlation Matrix'!H67 -> 0.0038158882 | AH78: =$B$2*AH77+(1-$B$2)*AG77^2 -> 0.0001420104 | AX78: ='Correlation Matrix'!B441 -> 22/11/2024 16:00:00 | AY78: ='Correlation Matrix'!C441 -> 0.0058901979 | AZ78: ='Correlation Matrix'!D441 -> -0.006371703 | BA78: ='Correlation Matrix'!E441 -> 0.0045063195 | BB78: ='Correlation Matrix'!F441 -> 0.008199226 | BC78: ='Correlation Matrix'!G441 -> 0.011120235 | BD78: ='Correlation Matrix'!H441 -> -0.0077731442 | BE78: ='Correlation Matrix'!I441 -> 438
B79: ='Correlation Matrix'!B68 -> 01/06/2023 16:00:00 | C79: ='Correlation Matrix'!C68 -> 0.015895561 | D79: =$B$2*D78+(1-$B$2)*C78^2 -> 0.0001344871 | H79: =B79 -> 01/06/2023 16:00:00 | I79: ='Correlation Matrix'!D68 -> 0.017999253 | J79: =$B$2*J78+(1-$B$2)*I78^2 -> 0.00041780038 | N79: =H79 -> 01/06/2023 16:00:00 | O79: ='Correlation Matrix'!E68 -> 0.01017249 | P79: =$B$2*P78+(1-$B$2)*O78^2 -> 0.00021877455 | T79: =N79 -> 01/06/2023 16:00:00 | U79: ='Correlation Matrix'!F68 -> 0.0064703103 | V79: =$B$2*V78+(1-$B$2)*U78^2 -> 0.00089535432 | Z79: =T79 -> 01/06/2023 16:00:00 | AA79: ='Correlation Matrix'!G68 -> 0.015926414 | AB79: =$B$2*AB78+(1-$B$2)*AA78^2 -> 0.00014943004 | AF79: =Z79 -> 01/06/2023 16:00:00 | AG79: ='Correlation Matrix'!H68 -> 0.05623228 | AH79: =$B$2*AH78+(1-$B$2)*AG78^2 -> 0.00013436344 | AX79: ='Correlation Matrix'!B440 -> 21/11/2024 16:00:00 | AY79: ='Correlation Matrix'!C440 -> -0.0020982697 | AZ79: ='Correlation Matrix'!D440 -> -0.022430288 | BA79: ='Correlation Matrix'!E440 -> 0.0018578157 | BB79: ='Correlation Matrix'!F440 -> 0.031619156 | BC79: ='Correlation Matrix'!G440 -> 0.0049822998 | BD79: ='Correlation Matrix'!H440 -> 0.067422812 | BE79: ='Correlation Matrix'!I440 -> 437
B80: ='Correlation Matrix'!B69 -> 02/06/2023 16:00:00 | C80: ='Correlation Matrix'!C69 -> 0.0047640241 | D80: =$B$2*D79+(1-$B$2)*C79^2 -> 0.000141578 | H80: =B80 -> 02/06/2023 16:00:00 | I80: ='Correlation Matrix'!D69 -> 0.011982979 | J80: =$B$2*J79+(1-$B$2)*I79^2 -> 0.00041217074 | N80: =H80 -> 02/06/2023 16:00:00 | O80: ='Correlation Matrix'!E69 -> 0.026588688 | P80: =$B$2*P79+(1-$B$2)*O79^2 -> 0.00021185685 | T80: =N80 -> 02/06/2023 16:00:00 | U80: ='Correlation Matrix'!F69 -> 0.032066876 | V80: =$B$2*V79+(1-$B$2)*U79^2 -> 0.00084414496 | Z80: =T80 -> 02/06/2023 16:00:00 | AA80: ='Correlation Matrix'!G69 -> 0.0076550514 | AB80: =$B$2*AB79+(1-$B$2)*AA79^2 -> 0.00015568327 | AF80: =Z80 -> 02/06/2023 16:00:00 | AG80: ='Correlation Matrix'!H69 -> -0.015191314 | AH80: =$B$2*AH79+(1-$B$2)*AG79^2 -> 0.00031602579 | AX80: ='Correlation Matrix'!B439 -> 20/11/2024 16:00:00 | AY80: ='Correlation Matrix'!C439 -> 0.0031490579 | AZ80: ='Correlation Matrix'!D439 -> -0.0084910569 | BA80: ='Correlation Matrix'!E439 -> 0.010781272 | BB80: ='Correlation Matrix'!F439 -> -0.022541938 | BC80: ='Correlation Matrix'!G439 -> -0.013411054 | BD80: ='Correlation Matrix'!H439 -> 0.0035744719 | BE80: ='Correlation Matrix'!I439 -> 436
B81: ='Correlation Matrix'!B70 -> 05/06/2023 16:00:00 | C81: ='Correlation Matrix'!C70 -> -0.0075999589 | D81: =$B$2*D80+(1-$B$2)*C80^2 -> 0.00013444508 | H81: =B81 -> 05/06/2023 16:00:00 | I81: ='Correlation Matrix'!D70 -> 0.0084151969 | J81: =$B$2*J80+(1-$B$2)*I80^2 -> 0.000396056 | N81: =H81 -> 05/06/2023 16:00:00 | O81: ='Correlation Matrix'!E70 -> -0.0048112483 | P81: =$B$2*P80+(1-$B$2)*O80^2 -> 0.00024156294 | T81: =N81 -> 05/06/2023 16:00:00 | U81: ='Correlation Matrix'!F70 -> -0.03138822 | V81: =$B$2*V80+(1-$B$2)*U80^2 -> 0.00085519333 | Z81: =T81 -> 05/06/2023 16:00:00 | AA81: ='Correlation Matrix'!G70 -> -0.0086261872 | AB81: =$B$2*AB80+(1-$B$2)*AA80^2 -> 0.00014985827 | AF81: =Z81 -> 05/06/2023 16:00:00 | AG81: ='Correlation Matrix'!H70 -> -0.00034275922 | AH81: =$B$2*AH80+(1-$B$2)*AG80^2 -> 0.0003109108 | AX81: ='Correlation Matrix'!B438 -> 19/11/2024 16:00:00 | AY81: ='Correlation Matrix'!C438 -> 0.0011396013 | AZ81: ='Correlation Matrix'!D438 -> 0.014324283 | BA81: ='Correlation Matrix'!E438 -> -0.0072418846 | BB81: ='Correlation Matrix'!F438 -> 0.011002556 | BC81: ='Correlation Matrix'!G438 -> -0.0041687138 | BD81: ='Correlation Matrix'!H438 -> 0.018500721 | BE81: ='Correlation Matrix'!I438 -> 435
B82: ='Correlation Matrix'!B71 -> 06/06/2023 16:00:00 | C82: ='Correlation Matrix'!C71 -> -0.0020624885 | D82: =$B$2*D81+(1-$B$2)*C81^2 -> 0.00012984394 | H82: =B82 -> 06/06/2023 16:00:00 | I82: ='Correlation Matrix'!D71 -> 0.010400634 | J82: =$B$2*J81+(1-$B$2)*I81^2 -> 0.00037654157 | N82: =H82 -> 06/06/2023 16:00:00 | O82: ='Correlation Matrix'!E71 -> 0.0017989083 | P82: =$B$2*P81+(1-$B$2)*O81^2 -> 0.00022845805 | T82: =N82 -> 06/06/2023 16:00:00 | U82: ='Correlation Matrix'!F71 -> 0.012137708 | V82: =$B$2*V81+(1-$B$2)*U81^2 -> 0.00086299495 | Z82: =T82 -> 06/06/2023 16:00:00 | AA82: ='Correlation Matrix'!G71 -> 0.02515856 | AB82: =$B$2*AB81+(1-$B$2)*AA81^2 -> 0.00014533144 | AF82: =Z82 -> 06/06/2023 16:00:00 | AG82: ='Correlation Matrix'!H71 -> 0.023044056 | AH82: =$B$2*AH81+(1-$B$2)*AG81^2 -> 0.0002922632 | AX82: ='Correlation Matrix'!B437 -> 18/11/2024 16:00:00 | AY82: ='Correlation Matrix'!C437 -> 0.013332942 | AZ82: ='Correlation Matrix'!D437 -> -0.004501504 | BA82: ='Correlation Matrix'!E437 -> -0.0040970943 | BB82: ='Correlation Matrix'!F437 -> 0.027837277 | BC82: ='Correlation Matrix'!G437 -> -0.00049831341 | BD82: ='Correlation Matrix'!H437 -> 0.026400689 | BE82: ='Correlation Matrix'!I437 -> 434
B83: ='Correlation Matrix'!B72 -> 07/06/2023 16:00:00 | C83: ='Correlation Matrix'!C72 -> -0.0077864999 | D83: =$B$2*D82+(1-$B$2)*C82^2 -> 0.00012230853 | H83: =B83 -> 07/06/2023 16:00:00 | I83: ='Correlation Matrix'!D72 -> -0.043421928 | J83: =$B$2*J82+(1-$B$2)*I82^2 -> 0.00036043947 | N83: =H83 -> 07/06/2023 16:00:00 | O83: ='Correlation Matrix'!E72 -> 0.025601804 | P83: =$B$2*P82+(1-$B$2)*O82^2 -> 0.00021494473 | T83: =N83 -> 07/06/2023 16:00:00 | U83: ='Correlation Matrix'!F72 -> 0.013646409 | V83: =$B$2*V82+(1-$B$2)*U82^2 -> 0.00082005469 | Z83: =T83 -> 07/06/2023 16:00:00 | AA83: ='Correlation Matrix'!G72 -> -0.022813261 | AB83: =$B$2*AB82+(1-$B$2)*AA82^2 -> 0.00017458874 | AF83: =Z83 -> 07/06/2023 16:00:00 | AG83: ='Correlation Matrix'!H72 -> 0.013972283 | AH83: =$B$2*AH82+(1-$B$2)*AG82^2 -> 0.00030658912 | AX83: ='Correlation Matrix'!B436 -> 15/11/2024 16:00:00 | AY83: ='Correlation Matrix'!C436 -> -0.014209674 | AZ83: ='Correlation Matrix'!D436 -> -0.042847482 | BA83: ='Correlation Matrix'!E436 -> -0.0023513407 | BB83: ='Correlation Matrix'!F436 -> -0.00671848 | BC83: ='Correlation Matrix'!G436 -> 0.0028590911 | BD83: ='Correlation Matrix'!H436 -> -0.0048925953 | BE83: ='Correlation Matrix'!I436 -> 433
B84: ='Correlation Matrix'!B73 -> 08/06/2023 16:00:00 | C84: ='Correlation Matrix'!C73 -> 0.015346712 | D84: =$B$2*D83+(1-$B$2)*C83^2 -> 0.0001186078 | H84: =B84 -> 08/06/2023 16:00:00 | I84: ='Correlation Matrix'!D73 -> 0.024606097 | J84: =$B$2*J83+(1-$B$2)*I83^2 -> 0.00045194093 | N84: =H84 -> 08/06/2023 16:00:00 | O84: ='Correlation Matrix'!E73 -> -0.0036982522 | P84: =$B$2*P83+(1-$B$2)*O83^2 -> 0.00024137519 | T84: =N84 -> 08/06/2023 16:00:00 | U84: ='Correlation Matrix'!F73 -> 0.0019815066 | V84: =$B$2*V83+(1-$B$2)*U83^2 -> 0.00078202488 | Z84: =T84 -> 08/06/2023 16:00:00 | AA84: ='Correlation Matrix'!G73 -> -0.010284537 | AB84: =$B$2*AB83+(1-$B$2)*AA83^2 -> 0.0001953401 | AF84: =Z84 -> 08/06/2023 16:00:00 | AG84: ='Correlation Matrix'!H73 -> 0.01627473 | AH84: =$B$2*AH83+(1-$B$2)*AG83^2 -> 0.00029990726 | AX84: ='Correlation Matrix'!B435 -> 14/11/2024 16:00:00 | AY84: ='Correlation Matrix'!C435 -> 0.013676483 | AZ84: ='Correlation Matrix'!D435 -> -0.012312764 | BA84: ='Correlation Matrix'!E435 -> 0.019219361 | BB84: ='Correlation Matrix'!F435 -> 0.007772332 | BC84: ='Correlation Matrix'!G435 -> -0.0028399298 | BD84: ='Correlation Matrix'!H435 -> -0.0025701259 | BE84: ='Correlation Matrix'!I435 -> 432
B85: ='Correlation Matrix'!B74 -> 09/06/2023 16:00:00 | C85: ='Correlation Matrix'!C74 -> 0.0021574981 | D85: =$B$2*D84+(1-$B$2)*C84^2 -> 0.00012562262 | H85: =B85 -> 09/06/2023 16:00:00 | I85: ='Correlation Matrix'!D74 -> -0.0066214712 | J85: =$B$2*J84+(1-$B$2)*I84^2 -> 0.00046115208 | N85: =H85 -> 09/06/2023 16:00:00 | O85: ='Correlation Matrix'!E74 -> -0.0023891869 | P85: =$B$2*P84+(1-$B$2)*O84^2 -> 0.0002277133 | T85: =N85 -> 09/06/2023 16:00:00 | U85: ='Correlation Matrix'!F74 -> -0.0079496941 | V85: =$B$2*V84+(1-$B$2)*U84^2 -> 0.00073533897 | Z85: =T85 -> 09/06/2023 16:00:00 | AA85: ='Correlation Matrix'!G74 -> 0.0044244857 | AB85: =$B$2*AB84+(1-$B$2)*AA84^2 -> 0.000189966 | AF85: =Z85 -> 09/06/2023 16:00:00 | AG85: ='Correlation Matrix'!H74 -> 0.010668779 | AH85: =$B$2*AH84+(1-$B$2)*AG84^2 -> 0.00029780483 | AX85: ='Correlation Matrix'!B434 -> 13/11/2024 16:00:00 | AY85: ='Correlation Matrix'!C434 -> 0.0039612826 | AZ85: ='Correlation Matrix'!D434 -> 0.024539658 | BA85: ='Correlation Matrix'!E434 -> 0.021847307 | BB85: ='Correlation Matrix'!F434 -> -0.019422141 | BC85: ='Correlation Matrix'!G434 -> -0.013872065 | BD85: ='Correlation Matrix'!H434 -> -0.012053109 | BE85: ='Correlation Matrix'!I434 -> 431
B86: ='Correlation Matrix'!B75 -> 12/06/2023 16:00:00 | C86: ='Correlation Matrix'!C75 -> 0.015517789 | D86: =$B$2*D85+(1-$B$2)*C85^2 -> 0.00011836455 | H86: =B86 -> 12/06/2023 16:00:00 | I86: ='Correlation Matrix'!D75 -> 0.025121321 | J86: =$B$2*J85+(1-$B$2)*I85^2 -> 0.00043611358 | N86: =H86 -> 12/06/2023 16:00:00 | O86: ='Correlation Matrix'!E75 -> -0.009677801 | P86: =$B$2*P85+(1-$B$2)*O85^2 -> 0.000214393 | T86: =N86 -> 12/06/2023 16:00:00 | U86: ='Correlation Matrix'!F75 -> 0.013214596 | V86: =$B$2*V85+(1-$B$2)*U85^2 -> 0.00069501049 | Z86: =T86 -> 12/06/2023 16:00:00 | AA86: ='Correlation Matrix'!G75 -> 0.016359679 | AB86: =$B$2*AB85+(1-$B$2)*AA85^2 -> 0.0001797426 | AF86: =Z86 -> 12/06/2023 16:00:00 | AG86: ='Correlation Matrix'!H75 -> 0.0049187439 | AH86: =$B$2*AH85+(1-$B$2)*AG85^2 -> 0.00028676591 | AX86: ='Correlation Matrix'!B433 -> 12/11/2024 16:00:00 | AY86: ='Correlation Matrix'!C433 -> 0 | AZ86: ='Correlation Matrix'!D433 -> 0.0099579897 | BA86: ='Correlation Matrix'!E433 -> -0.0077616734 | BB86: ='Correlation Matrix'!F433 -> -0.051985919 | BC86: ='Correlation Matrix'!G433 -> -0.0017936547 | BD86: ='Correlation Matrix'!H433 -> -0.036787632 | BE86: ='Correlation Matrix'!I433 -> 430
B87: ='Correlation Matrix'!B76 -> 13/06/2023 16:00:00 | C87: ='Correlation Matrix'!C76 -> -0.0026150927 | D87: =$B$2*D86+(1-$B$2)*C86^2 -> 0.00012571079 | H87: =B87 -> 13/06/2023 16:00:00 | I87: ='Correlation Matrix'!D76 -> 0.00071081628 | J87: =$B$2*J86+(1-$B$2)*I86^2 -> 0.00044781162 | N87: =H87 -> 13/06/2023 16:00:00 | O87: ='Correlation Matrix'!E76 -> 0.0074721726 | P87: =$B$2*P86+(1-$B$2)*O86^2 -> 0.00020714901 | T87: =N87 -> 13/06/2023 16:00:00 | U87: ='Correlation Matrix'!F76 -> 0.0065423851 | V87: =$B$2*V86+(1-$B$2)*U86^2 -> 0.00066378739 | Z87: =T87 -> 13/06/2023 16:00:00 | AA87: ='Correlation Matrix'!G76 -> -0.010526554 | AB87: =$B$2*AB86+(1-$B$2)*AA86^2 -> 0.00018501639 | AF87: =Z87 -> 13/06/2023 16:00:00 | AG87: ='Correlation Matrix'!H76 -> 0.0053191615 | AH87: =$B$2*AH86+(1-$B$2)*AG86^2 -> 0.0002710116 | AX87: ='Correlation Matrix'!B432 -> 11/11/2024 16:00:00 | AY87: ='Correlation Matrix'!C432 -> -0.01210148 | AZ87: ='Correlation Matrix'!D432 -> -0.0064575426 | BA87: ='Correlation Matrix'!E432 -> -0.0027438361 | BB87: ='Correlation Matrix'!F432 -> -0.032644135 | BC87: ='Correlation Matrix'!G432 -> 0.010162381 | BD87: ='Correlation Matrix'!H432 -> -0.0088117388 | BE87: ='Correlation Matrix'!I432 -> 429
B88: ='Correlation Matrix'!B77 -> 14/06/2023 16:00:00 | C88: ='Correlation Matrix'!C77 -> 0.0034852728 | D88: =$B$2*D87+(1-$B$2)*C87^2 -> 0.00011857846 | H88: =B88 -> 14/06/2023 16:00:00 | I88: ='Correlation Matrix'!D77 -> -0.001896634 | J88: =$B$2*J87+(1-$B$2)*I87^2 -> 0.00042097323 | N88: =H88 -> 14/06/2023 16:00:00 | O88: ='Correlation Matrix'!E77 -> -0.0089987933 | P88: =$B$2*P87+(1-$B$2)*O87^2 -> 0.00019807007 | T88: =N88 -> 14/06/2023 16:00:00 | U88: ='Correlation Matrix'!F77 -> -0.0029387776 | V88: =$B$2*V87+(1-$B$2)*U87^2 -> 0.00062652832 | Z88: =T88 -> 14/06/2023 16:00:00 | AA88: ='Correlation Matrix'!G77 -> 0.0090600239 | AB88: =$B$2*AB87+(1-$B$2)*AA87^2 -> 0.00018056391 | AF88: =Z88 -> 14/06/2023 16:00:00 | AG88: ='Correlation Matrix'!H77 -> -0.011203105 | AH88: =$B$2*AH87+(1-$B$2)*AG87^2 -> 0.00025644851 | AX88: ='Correlation Matrix'!B431 -> 08/11/2024 16:00:00 | AY88: ='Correlation Matrix'!C431 -> -0.0022885319 | AZ88: ='Correlation Matrix'!D431 -> -0.0089425075 | BA88: ='Correlation Matrix'!E431 -> 0.001020083 | BB88: ='Correlation Matrix'!F431 -> -0.011713718 | BC88: ='Correlation Matrix'!G431 -> 0.01319746 | BD88: ='Correlation Matrix'!H431 -> -0.0092316025 | BE88: ='Correlation Matrix'!I431 -> 428
B89: ='Correlation Matrix'!B78 -> 15/06/2023 16:00:00 | C89: ='Correlation Matrix'!C78 -> 0.011136454 | D89: =$B$2*D88+(1-$B$2)*C88^2 -> 0.00011219258 | H89: =B89 -> 15/06/2023 16:00:00 | I89: ='Correlation Matrix'!D78 -> 0.0054431563 | J89: =$B$2*J88+(1-$B$2)*I88^2 -> 0.00039593067 | N89: =H89 -> 15/06/2023 16:00:00 | O89: ='Correlation Matrix'!E78 -> 0.007546727 | P89: =$B$2*P88+(1-$B$2)*O88^2 -> 0.00019104456 | T89: =N89 -> 15/06/2023 16:00:00 | U89: ='Correlation Matrix'!F78 -> 0.015252608 | V89: =$B$2*V88+(1-$B$2)*U88^2 -> 0.0005894548 | Z89: =T89 -> 15/06/2023 16:00:00 | AA89: ='Correlation Matrix'!G78 -> 0.011355919 | AB89: =$B$2*AB88+(1-$B$2)*AA88^2 -> 0.00017465512 | AF89: =Z89 -> 15/06/2023 16:00:00 | AG89: ='Correlation Matrix'!H78 -> 0.0027858156 | AH89: =$B$2*AH88+(1-$B$2)*AG88^2 -> 0.00024859217 | AX89: ='Correlation Matrix'!B430 -> 07/11/2024 16:00:00 | AY89: ='Correlation Matrix'!C430 -> 0.021146945 | AZ89: ='Correlation Matrix'!D430 -> 0.014192116 | BA89: ='Correlation Matrix'!E430 -> -0.0060415459 | BB89: ='Correlation Matrix'!F430 -> 0.0075415139 | BC89: ='Correlation Matrix'!G430 -> -0.0062559756 | BD89: ='Correlation Matrix'!H430 -> 0.027699114 | BE89: ='Correlation Matrix'!I430 -> 427
B90: ='Correlation Matrix'!B79 -> 16/06/2023 16:00:00 | C90: ='Correlation Matrix'!C79 -> -0.0058771366 | D90: =$B$2*D89+(1-$B$2)*C89^2 -> 0.00011290226 | H90: =B90 -> 16/06/2023 16:00:00 | I90: ='Correlation Matrix'!D79 -> -0.012826779 | J90: =$B$2*J89+(1-$B$2)*I89^2 -> 0.00037395251 | N90: =H90 -> 16/06/2023 16:00:00 | O90: ='Correlation Matrix'!E79 -> -0.00646513 | P90: =$B$2*P89+(1-$B$2)*O89^2 -> 0.00018299907 | T90: =N90 -> 16/06/2023 16:00:00 | U90: ='Correlation Matrix'!F79 -> -0.01492565 | V90: =$B$2*V89+(1-$B$2)*U89^2 -> 0.00056804604 | Z90: =T90 -> 16/06/2023 16:00:00 | AA90: ='Correlation Matrix'!G79 -> -0.0066440151 | AB90: =$B$2*AB89+(1-$B$2)*AA89^2 -> 0.00017191322 | AF90: =Z90 -> 16/06/2023 16:00:00 | AG90: ='Correlation Matrix'!H79 -> -0.0061175399 | AH90: =$B$2*AH89+(1-$B$2)*AG89^2 -> 0.00023414229 | AX90: ='Correlation Matrix'!B429 -> 06/11/2024 16:00:00 | AY90: ='Correlation Matrix'!C429 -> -0.0032722982 | AZ90: ='Correlation Matrix'!D429 -> 0.037339245 | BA90: ='Correlation Matrix'!E429 -> 0.027707233 | BB90: ='Correlation Matrix'!F429 -> 0.045097143 | BC90: ='Correlation Matrix'!G429 -> 0.030332805 | BD90: ='Correlation Matrix'!H429 -> 0.0052907919 | BE90: ='Correlation Matrix'!I429 -> 426
B91: ='Correlation Matrix'!B80 -> 20/06/2023 16:00:00 | C91: ='Correlation Matrix'!C80 -> 0.00048657855 | D91: =$B$2*D90+(1-$B$2)*C90^2 -> 0.00010820057 | H91: =B91 -> 20/06/2023 16:00:00 | I91: ='Correlation Matrix'!D80 -> 0.002308275 | J91: =$B$2*J90+(1-$B$2)*I90^2 -> 0.00036138694 | N91: =H91 -> 20/06/2023 16:00:00 | O91: ='Correlation Matrix'!E80 -> -0.023027968 | P91: =$B$2*P90+(1-$B$2)*O90^2 -> 0.000174527 | T91: =N91 -> 20/06/2023 16:00:00 | U91: ='Correlation Matrix'!F80 -> -0.033912824 | V91: =$B$2*V90+(1-$B$2)*U90^2 -> 0.00054732978 | Z91: =T91 -> 20/06/2023 16:00:00 | AA91: ='Correlation Matrix'!G80 -> -0.0050855465 | AB91: =$B$2*AB90+(1-$B$2)*AA90^2 -> 0.00016424701 | AF91: =Z91 -> 20/06/2023 16:00:00 | AG91: ='Correlation Matrix'!H80 -> -0.0097361219 | AH91: =$B$2*AH90+(1-$B$2)*AG90^2 -> 0.00022233921 | AX91: ='Correlation Matrix'!B428 -> 05/11/2024 16:00:00 | AY91: ='Correlation Matrix'!C428 -> 0.0064652495 | AZ91: ='Correlation Matrix'!D428 -> 0.018822656 | BA91: ='Correlation Matrix'!E428 -> -0.0036437024 | BB91: ='Correlation Matrix'!F428 -> 0.024247255 | BC91: ='Correlation Matrix'!G428 -> -3.9559309e-05 | BD91: ='Correlation Matrix'!H428 -> 0.033938432 | BE91: ='Correlation Matrix'!I428 -> 425
B92: ='Correlation Matrix'!B81 -> 21/06/2023 16:00:00 | C92: ='Correlation Matrix'!C81 -> -0.005691535 | D92: =$B$2*D91+(1-$B$2)*C91^2 -> 0.00010172274 | H92: =B92 -> 21/06/2023 16:00:00 | I92: ='Correlation Matrix'!D81 -> -0.0075815375 | J92: =$B$2*J91+(1-$B$2)*I91^2 -> 0.00034002341 | N92: =H92 -> 21/06/2023 16:00:00 | O92: ='Correlation Matrix'!E81 -> 0.0077781051 | P92: =$B$2*P91+(1-$B$2)*O91^2 -> 0.00019587262 | T92: =N92 -> 21/06/2023 16:00:00 | U92: ='Correlation Matrix'!F81 -> -0.018086144 | V92: =$B$2*V91+(1-$B$2)*U91^2 -> 0.00058349477 | Z92: =T92 -> 21/06/2023 16:00:00 | AA92: ='Correlation Matrix'!G81 -> 0.0040492356 | AB92: =$B$2*AB91+(1-$B$2)*AA91^2 -> 0.00015594395 | AF92: =Z92 -> 21/06/2023 16:00:00 | AG92: ='Correlation Matrix'!H81 -> -0.016330025 | AH92: =$B$2*AH91+(1-$B$2)*AG91^2 -> 0.00021468638 | AX92: ='Correlation Matrix'!B427 -> 04/11/2024 16:00:00 | AY92: ='Correlation Matrix'!C427 -> -0.0040456767 | AZ92: ='Correlation Matrix'!D427 -> -0.010921853 | BA92: ='Correlation Matrix'!E427 -> 0.0058624451 | BB92: ='Correlation Matrix'!F427 -> -0.010090903 | BC92: ='Correlation Matrix'!G427 -> -0.0049326304 | BD92: ='Correlation Matrix'!H427 -> -0.13303337 | BE92: ='Correlation Matrix'!I427 -> 424
B93: ='Correlation Matrix'!B82 -> 22/06/2023 16:00:00 | C93: ='Correlation Matrix'!C82 -> 0.016390274 | D93: =$B$2*D92+(1-$B$2)*C92^2 -> 9.7562992e-05 | H93: =B93 -> 22/06/2023 16:00:00 | I93: ='Correlation Matrix'!D82 -> 0.04173482 | J93: =$B$2*J92+(1-$B$2)*I92^2 -> 0.00032307079 | N93: =H93 -> 22/06/2023 16:00:00 | O93: ='Correlation Matrix'!E82 -> -0.014568416 | P93: =$B$2*P92+(1-$B$2)*O92^2 -> 0.0001877502 | T93: =N93 -> 22/06/2023 16:00:00 | U93: ='Correlation Matrix'!F82 -> -0.001723247 | V93: =$B$2*V92+(1-$B$2)*U92^2 -> 0.0005681116 | Z93: =T93 -> 22/06/2023 16:00:00 | AA93: ='Correlation Matrix'!G82 -> 0.0044035406 | AB93: =$B$2*AB92+(1-$B$2)*AA92^2 -> 0.0001475711 | AF93: =Z93 -> 22/06/2023 16:00:00 | AG93: ='Correlation Matrix'!H82 -> -0.01390843 | AH93: =$B$2*AH92+(1-$B$2)*AG92^2 -> 0.00021780538 | AX93: ='Correlation Matrix'!B426 -> 01/11/2024 16:00:00 | AY93: ='Correlation Matrix'!C426 -> -0.013368587 | AZ93: ='Correlation Matrix'!D426 -> 0.060018531 | BA93: ='Correlation Matrix'!E426 -> 0.028157811 | BB93: ='Correlation Matrix'!F426 -> 0.0086720318 | BC93: ='Correlation Matrix'!G426 -> 0.016851153 | BD93: ='Correlation Matrix'!H426 -> -0.018654823 | BE93: ='Correlation Matrix'!I426 -> 423
B94: ='Correlation Matrix'!B83 -> 23/06/2023 16:00:00 | C94: ='Correlation Matrix'!C83 -> -0.0017126958 | D94: =$B$2*D93+(1-$B$2)*C93^2 -> 0.00010782768 | H94: =B94 -> 23/06/2023 16:00:00 | I94: ='Correlation Matrix'!D83 -> -0.006320354 | J94: =$B$2*J93+(1-$B$2)*I93^2 -> 0.00040819425 | N94: =H94 -> 23/06/2023 16:00:00 | O94: ='Correlation Matrix'!E83 -> -0.0084871722 | P94: =$B$2*P93+(1-$B$2)*O93^2 -> 0.00018921951 | T94: =N94 -> 23/06/2023 16:00:00 | U94: ='Correlation Matrix'!F83 -> -0.012845169 | V94: =$B$2*V93+(1-$B$2)*U93^2 -> 0.00053420308 | Z94: =T94 -> 23/06/2023 16:00:00 | AA94: ='Correlation Matrix'!G83 -> 0.0053061726 | AB94: =$B$2*AB93+(1-$B$2)*AA93^2 -> 0.0001398803 | AF94: =Z94 -> 23/06/2023 16:00:00 | AG94: ='Correlation Matrix'!H83 -> 0.012360271 | AH94: =$B$2*AH93+(1-$B$2)*AG93^2 -> 0.00021634372 | AX94: ='Correlation Matrix'!B425 -> 31/10/2024 16:00:00 | AY94: ='Correlation Matrix'!C425 -> -0.018377307 | AZ94: ='Correlation Matrix'!D425 -> -0.033395343 | BA94: ='Correlation Matrix'!E425 -> 0.0051874674 | BB94: ='Correlation Matrix'!F425 -> -0.025793692 | BC94: ='Correlation Matrix'!G425 -> -0.027832209 | BD94: ='Correlation Matrix'!H425 -> 0.004497473 | BE94: ='Correlation Matrix'!I425 -> 422
B95: ='Correlation Matrix'!B84 -> 26/06/2023 16:00:00 | C95: ='Correlation Matrix'!C84 -> -0.0075817005 | D95: =$B$2*D94+(1-$B$2)*C94^2 -> 0.00010153402 | H95: =B95 -> 26/06/2023 16:00:00 | I95: ='Correlation Matrix'!D84 -> -0.015585136 | J95: =$B$2*J94+(1-$B$2)*I94^2 -> 0.00038609941 | N95: =H95 -> 26/06/2023 16:00:00 | O95: ='Correlation Matrix'!E84 -> 0.0174225 | P95: =$B$2*P94+(1-$B$2)*O94^2 -> 0.00018218827 | T95: =N95 -> 26/06/2023 16:00:00 | U95: ='Correlation Matrix'!F84 -> -0.0080688036 | V95: =$B$2*V94+(1-$B$2)*U94^2 -> 0.0005120508 | Z95: =T95 -> 26/06/2023 16:00:00 | AA95: ='Correlation Matrix'!G84 -> -0.006312502 | AB95: =$B$2*AB94+(1-$B$2)*AA94^2 -> 0.00013317681 | AF95: =Z95 -> 26/06/2023 16:00:00 | AG95: ='Correlation Matrix'!H84 -> 0.0029835925 | AH95: =$B$2*AH94+(1-$B$2)*AG94^2 -> 0.00021252968 | AX95: ='Correlation Matrix'!B424 -> 30/10/2024 16:00:00 | AY95: ='Correlation Matrix'!C424 -> -0.015395867 | AZ95: ='Correlation Matrix'!D424 -> 0.0099072664 | BA95: ='Correlation Matrix'!E424 -> -0.0031695748 | BB95: ='Correlation Matrix'!F424 -> -0.018966254 | BC95: ='Correlation Matrix'!G424 -> 0.014530095 | BD95: ='Correlation Matrix'!H424 -> -0.01222537 | BE95: ='Correlation Matrix'!I424 -> 421
B96: ='Correlation Matrix'!B85 -> 27/06/2023 16:00:00 | C96: ='Correlation Matrix'!C85 -> 0.01494684 | D96: =$B$2*D95+(1-$B$2)*C95^2 -> 9.8890906e-05 | H96: =B96 -> 27/06/2023 16:00:00 | I96: ='Correlation Matrix'!D85 -> 0.014424639 | J96: =$B$2*J95+(1-$B$2)*I95^2 -> 0.00037750723 | N96: =H96 -> 27/06/2023 16:00:00 | O96: ='Correlation Matrix'!E85 -> -0.0031215477 | P96: =$B$2*P95+(1-$B$2)*O95^2 -> 0.00018946958 | T96: =N96 -> 27/06/2023 16:00:00 | U96: ='Correlation Matrix'!F85 -> 0.017112344 | V96: =$B$2*V95+(1-$B$2)*U95^2 -> 0.00048523408 | Z96: =T96 -> 27/06/2023 16:00:00 | AA96: ='Correlation Matrix'!G85 -> 0.011512094 | AB96: =$B$2*AB95+(1-$B$2)*AA95^2 -> 0.00012757706 | AF96: =Z96 -> 27/06/2023 16:00:00 | AG96: ='Correlation Matrix'!H85 -> 0.0024245108 | AH96: =$B$2*AH95+(1-$B$2)*AG95^2 -> 0.00020031201 | AX96: ='Correlation Matrix'!B423 -> 29/10/2024 16:00:00 | AY96: ='Correlation Matrix'!C423 -> 0.0011561437 | AZ96: ='Correlation Matrix'!D423 -> 0.012868697 | BA96: ='Correlation Matrix'!E423 -> -0.0135092 | BB96: ='Correlation Matrix'!F423 -> -0.020322785 | BC96: ='Correlation Matrix'!G423 -> -0.0038048721 | BD96: ='Correlation Matrix'!H423 -> -0.0074439232 | BE96: ='Correlation Matrix'!I423 -> 420
B97: ='Correlation Matrix'!B86 -> 28/06/2023 16:00:00 | C97: ='Correlation Matrix'!C86 -> 0.0063078315 | D97: =$B$2*D96+(1-$B$2)*C96^2 -> 0.00010636193 | H97: =B97 -> 28/06/2023 16:00:00 | I97: ='Correlation Matrix'!D86 -> -0.0010843468 | J97: =$B$2*J96+(1-$B$2)*I96^2 -> 0.00036734101 | N97: =H97 -> 28/06/2023 16:00:00 | O97: ='Correlation Matrix'!E86 -> 0.009012867 | P97: =$B$2*P96+(1-$B$2)*O96^2 -> 0.00017868605 | T97: =N97 -> 28/06/2023 16:00:00 | U97: ='Correlation Matrix'!F86 -> -0.009393007 | V97: =$B$2*V96+(1-$B$2)*U96^2 -> 0.00047368998 | Z97: =T97 -> 28/06/2023 16:00:00 | AA97: ='Correlation Matrix'!G86 -> -0.0040943864 | AB97: =$B$2*AB96+(1-$B$2)*AA96^2 -> 0.00012787414 | AF97: =Z97 -> 28/06/2023 16:00:00 | AG97: ='Correlation Matrix'!H86 -> -0.0033076105 | AH97: =$B$2*AH96+(1-$B$2)*AG96^2 -> 0.00018864598 | AX97: ='Correlation Matrix'!B422 -> 28/10/2024 16:00:00 | AY97: ='Correlation Matrix'!C422 -> 0.0085626908 | AZ97: ='Correlation Matrix'!D422 -> 0.0029769838 | BA97: ='Correlation Matrix'!E422 -> -0.0017919368 | BB97: ='Correlation Matrix'!F422 -> 0.003803009 | BC97: ='Correlation Matrix'!G422 -> 0.0016739372 | BD97: ='Correlation Matrix'!H422 -> 0.0096728205 | BE97: ='Correlation Matrix'!I422 -> 419
B98: ='Correlation Matrix'!B87 -> 29/06/2023 16:00:00 | C98: ='Correlation Matrix'!C87 -> 0.0017949535 | D98: =$B$2*D97+(1-$B$2)*C97^2 -> 0.00010236754 | H98: =B98 -> 29/06/2023 16:00:00 | I98: ='Correlation Matrix'!D87 -> -0.0088737252 | J98: =$B$2*J97+(1-$B$2)*I97^2 -> 0.0003453711 | N98: =H98 -> 29/06/2023 16:00:00 | O98: ='Correlation Matrix'!E87 -> 0.0084844319 | P98: =$B$2*P97+(1-$B$2)*O97^2 -> 0.00017283879 | T98: =N98 -> 29/06/2023 16:00:00 | U98: ='Correlation Matrix'!F87 -> -0.0066631844 | V98: =$B$2*V97+(1-$B$2)*U97^2 -> 0.00045056229 | Z98: =T98 -> 29/06/2023 16:00:00 | AA98: ='Correlation Matrix'!G87 -> 0.019378129 | AB98: =$B$2*AB97+(1-$B$2)*AA97^2 -> 0.00012120753 | AF98: =Z98 -> 29/06/2023 16:00:00 | AG98: ='Correlation Matrix'!H87 -> 0.0035277294 | AH98: =$B$2*AH97+(1-$B$2)*AG97^2 -> 0.00017798364 | AX98: ='Correlation Matrix'!B421 -> 25/10/2024 16:00:00 | AY98: ='Correlation Matrix'!C421 -> 0.0036365251 | AZ98: ='Correlation Matrix'!D421 -> 0.0077496981 | BA98: ='Correlation Matrix'!E421 -> 0.0023899633 | BB98: ='Correlation Matrix'!F421 -> 0.046003044 | BC98: ='Correlation Matrix'!G421 -> -0.0064048629 | BD98: ='Correlation Matrix'!H421 -> -0.00034032255 | BE98: ='Correlation Matrix'!I421 -> 418
B99: ='Correlation Matrix'!B88 -> 30/06/2023 16:00:00 | C99: ='Correlation Matrix'!C88 -> 0.022839662 | D99: =$B$2*D98+(1-$B$2)*C98^2 -> 9.6418801e-05 | H99: =B99 -> 30/06/2023 16:00:00 | I99: ='Correlation Matrix'!D88 -> 0.019051145 | J99: =$B$2*J98+(1-$B$2)*I98^2 -> 0.00032937341 | N99: =H99 -> 30/06/2023 16:00:00 | O99: ='Correlation Matrix'!E88 -> 0.0070793369 | P99: =$B$2*P98+(1-$B$2)*O98^2 -> 0.0001667876 | T99: =N99 -> 30/06/2023 16:00:00 | U99: ='Correlation Matrix'!F88 -> 0.0087581572 | V99: =$B$2*V98+(1-$B$2)*U98^2 -> 0.00042619244 | Z99: =T99 -> 30/06/2023 16:00:00 | AA99: ='Correlation Matrix'!G88 -> 0.014418217 | AB99: =$B$2*AB98+(1-$B$2)*AA98^2 -> 0.00013646579 | AF99: =Z99 -> 30/06/2023 16:00:00 | AG99: ='Correlation Matrix'!H88 -> 0.0074553574 | AH99: =$B$2*AH98+(1-$B$2)*AG98^2 -> 0.00016805131 | AX99: ='Correlation Matrix'!B420 -> 24/10/2024 16:00:00 | AY99: ='Correlation Matrix'!C420 -> -0.00082370542 | AZ99: ='Correlation Matrix'!D420 -> 0.0090005728 | BA99: ='Correlation Matrix'!E420 -> -0.00019938192 | BB99: ='Correlation Matrix'!F420 -> -0.0043789879 | BC99: ='Correlation Matrix'!G420 -> -0.006072162 | BD99: ='Correlation Matrix'!H420 -> -0.0058430097 | BE99: ='Correlation Matrix'!I420 -> 417
B100: ='Correlation Matrix'!B89 -> 03/07/2023 13:05:00 | C100: ='Correlation Matrix'!C89 -> -0.007815168 | D100: =$B$2*D99+(1-$B$2)*C99^2 -> 0.00012193268 | H100: =B100 -> 03/07/2023 13:05:00 | I100: ='Correlation Matrix'!D89 -> -0.0010745262 | J100: =$B$2*J99+(1-$B$2)*I99^2 -> 0.00033138777 | N100: =H100 -> 03/07/2023 13:05:00 | O100: ='Correlation Matrix'!E89 -> -0.00089013231 | P100: =$B$2*P99+(1-$B$2)*O99^2 -> 0.00015978737 | T100: =N100 -> 03/07/2023 13:05:00 | U100: ='Correlation Matrix'!F89 -> 0.015230478 | V100: =$B$2*V99+(1-$B$2)*U99^2 -> 0.00040522321 | Z100: =T100 -> 03/07/2023 13:05:00 | AA100: ='Correlation Matrix'!G89 -> 0.0016767019 | AB100: =$B$2*AB99+(1-$B$2)*AA99^2 -> 0.00014075094 | AF100: =Z100 -> 03/07/2023 13:05:00 | AG100: ='Correlation Matrix'!H89 -> 0.00054600056 | AH100: =$B$2*AH99+(1-$B$2)*AG99^2 -> 0.00016130318 | AX100: ='Correlation Matrix'!B419 -> 23/10/2024 16:00:00 | AY100: ='Correlation Matrix'!C419 -> -0.021860199 | AZ100: ='Correlation Matrix'!D419 -> -0.026656849 | BA100: ='Correlation Matrix'!E419 -> -0.0029197101 | BB100: ='Correlation Matrix'!F419 -> -0.017131462 | BC100: ='Correlation Matrix'!G419 -> 0.0013830048 | BD100: ='Correlation Matrix'!H419 -> 0.00018795226 | BE100: ='Correlation Matrix'!I419 -> 416
B101: ='Correlation Matrix'!B90 -> 05/07/2023 16:00:00 | C101: ='Correlation Matrix'!C90 -> -0.005888654 | D101: =$B$2*D100+(1-$B$2)*C100^2 -> 0.00011828133 | H101: =B101 -> 05/07/2023 16:00:00 | I101: ='Correlation Matrix'!D90 -> 0.0012279357 | J101: =$B$2*J100+(1-$B$2)*I100^2 -> 0.00031157378 | N101: =H101 -> 05/07/2023 16:00:00 | O101: ='Correlation Matrix'!E90 -> -0.0057412763 | P101: =$B$2*P100+(1-$B$2)*O100^2 -> 0.00015024766 | T101: =N101 -> 05/07/2023 16:00:00 | U101: ='Correlation Matrix'!F90 -> -0.022230856 | V101: =$B$2*V100+(1-$B$2)*U100^2 -> 0.00039482786 | Z101: =T101 -> 05/07/2023 16:00:00 | AA101: ='Correlation Matrix'!G90 -> 0.0019526056 | AB101: =$B$2*AB100+(1-$B$2)*AA100^2 -> 0.00013247457 | AF101: =Z101 -> 05/07/2023 16:00:00 | AG101: ='Correlation Matrix'!H90 -> 0.0058778878 | AH101: =$B$2*AH100+(1-$B$2)*AG100^2 -> 0.00015164287 | AX101: ='Correlation Matrix'!B418 -> 22/10/2024 16:00:00 | AY101: ='Correlation Matrix'!C418 -> -0.0026252291 | AZ101: ='Correlation Matrix'!D418 -> 0.0033265601 | BA101: ='Correlation Matrix'!E418 -> 0.00026507621 | BB101: ='Correlation Matrix'!F418 -> 0.0074466345 | BC101: ='Correlation Matrix'!G418 -> -0.0038714872 | BD101: ='Correlation Matrix'!H418 -> -0.028609377 | BE101: ='Correlation Matrix'!I418 -> 415
B102: ='Correlation Matrix'!B91 -> 06/07/2023 16:00:00 | C102: ='Correlation Matrix'!C91 -> 0.0025056128 | D102: =$B$2*D101+(1-$B$2)*C101^2 -> 0.00011326503 | H102: =B102 -> 06/07/2023 16:00:00 | I102: ='Correlation Matrix'!D91 -> -0.015614447 | J102: =$B$2*J101+(1-$B$2)*I101^2 -> 0.00029296983 | N102: =H102 -> 06/07/2023 16:00:00 | O102: ='Correlation Matrix'!E91 -> -0.022187915 | P102: =$B$2*P101+(1-$B$2)*O101^2 -> 0.00014321054 | T102: =N102 -> 06/07/2023 16:00:00 | U102: ='Correlation Matrix'!F91 -> -0.0081114887 | V102: =$B$2*V101+(1-$B$2)*U101^2 -> 0.00040079085 | Z102: =T102 -> 06/07/2023 16:00:00 | AA102: ='Correlation Matrix'!G91 -> -0.0040362043 | AB102: =$B$2*AB101+(1-$B$2)*AA101^2 -> 0.00012475485 | AF102: =Z102 -> 06/07/2023 16:00:00 | AG102: ='Correlation Matrix'!H91 -> -0.012449653 | AH102: =$B$2*AH101+(1-$B$2)*AG101^2 -> 0.00014461727 | AX102: ='Correlation Matrix'!B417 -> 21/10/2024 16:00:00 | AY102: ='Correlation Matrix'!C417 -> 0.0062781236 | AZ102: ='Correlation Matrix'!D417 -> 0.00042321325 | BA102: ='Correlation Matrix'!E417 -> 0.00086198328 | BB102: ='Correlation Matrix'!F417 -> 0.0033494268 | BC102: ='Correlation Matrix'!G417 -> -0.0025791453 | BD102: ='Correlation Matrix'!H417 -> 0.01309131 | BE102: ='Correlation Matrix'!I417 -> 414
B103: ='Correlation Matrix'!B92 -> 07/07/2023 16:00:00 | C103: ='Correlation Matrix'!C92 -> -0.0059086684 | D103: =$B$2*D102+(1-$B$2)*C102^2 -> 0.00010684581 | H103: =B103 -> 07/07/2023 16:00:00 | I103: ='Correlation Matrix'!D92 -> 0.011001893 | J103: =$B$2*J102+(1-$B$2)*I102^2 -> 0.0002900203 | N103: =H103 -> 07/07/2023 16:00:00 | O103: ='Correlation Matrix'!E92 -> 0.0087268545 | P103: =$B$2*P102+(1-$B$2)*O102^2 -> 0.00016415612 | T103: =N103 -> 07/07/2023 16:00:00 | U103: ='Correlation Matrix'!F92 -> 0.0081114887 | V103: =$B$2*V102+(1-$B$2)*U102^2 -> 0.00038069117 | Z103: =T103 -> 07/07/2023 16:00:00 | AA103: ='Correlation Matrix'!G92 -> -0.0114094 | AB103: =$B$2*AB102+(1-$B$2)*AA102^2 -> 0.00011824702 | AF103: =Z103 -> 07/07/2023 16:00:00 | AG103: ='Correlation Matrix'!H92 -> 0.0036198142 | AH103: =$B$2*AH102+(1-$B$2)*AG102^2 -> 0.00014523987 | AX103: ='Correlation Matrix'!B416 -> 18/10/2024 16:00:00 | AY103: ='Correlation Matrix'!C416 -> 0.0122018 | AZ103: ='Correlation Matrix'!D416 -> 0.007755271 | BA103: ='Correlation Matrix'!E416 -> -0.0029806281 | BB103: ='Correlation Matrix'!F416 -> -0.0047253484 | BC103: ='Correlation Matrix'!G416 -> 0.0050092329 | BD103: ='Correlation Matrix'!H416 -> -0.00384218 | BE103: ='Correlation Matrix'!I416 -> 413
B104: ='Correlation Matrix'!B93 -> 10/07/2023 16:00:00 | C104: ='Correlation Matrix'!C93 -> -0.010915239 | D104: =$B$2*D103+(1-$B$2)*C103^2 -> 0.00010252981 | H104: =B104 -> 10/07/2023 16:00:00 | I104: ='Correlation Matrix'!D93 -> -0.020630524 | J104: =$B$2*J103+(1-$B$2)*I103^2 -> 0.00027988158 | N104: =H104 -> 10/07/2023 16:00:00 | O104: ='Correlation Matrix'!E93 -> 0.0066565664 | P104: =$B$2*P103+(1-$B$2)*O103^2 -> 0.00015887623 | T104: =N104 -> 10/07/2023 16:00:00 | U104: ='Correlation Matrix'!F93 -> 0.0052548728 | V104: =$B$2*V103+(1-$B$2)*U103^2 -> 0.00036179748 | Z104: =T104 -> 10/07/2023 16:00:00 | AA104: ='Correlation Matrix'!G93 -> 0.0089135368 | AB104: =$B$2*AB103+(1-$B$2)*AA103^2 -> 0.00011896266 | AF104: =Z104 -> 10/07/2023 16:00:00 | AG104: ='Correlation Matrix'!H93 -> 0.024551063 | AH104: =$B$2*AH103+(1-$B$2)*AG103^2 -> 0.00013731166 | AX104: ='Correlation Matrix'!B415 -> 17/10/2024 16:00:00 | AY104: ='Correlation Matrix'!C415 -> 0.0015950686 | AZ104: ='Correlation Matrix'!D415 -> 0.0034186241 | BA104: ='Correlation Matrix'!E415 -> 0.016470882 | BB104: ='Correlation Matrix'!F415 -> -0.0064611091 | BC104: ='Correlation Matrix'!G415 -> -0.00060321261 | BD104: ='Correlation Matrix'!H415 -> -0.031218506 | BE104: ='Correlation Matrix'!I415 -> 412
B105: ='Correlation Matrix'!B94 -> 11/07/2023 16:00:00 | C105: ='Correlation Matrix'!C94 -> -0.0028139868 | D105: =$B$2*D104+(1-$B$2)*C104^2 -> 0.00010352656 | H105: =B105 -> 11/07/2023 16:00:00 | I105: ='Correlation Matrix'!D94 -> 0.012895337 | J105: =$B$2*J104+(1-$B$2)*I104^2 -> 0.00028862579 | N105: =H105 -> 11/07/2023 16:00:00 | O105: ='Correlation Matrix'!E94 -> 0.018317518 | P105: =$B$2*P104+(1-$B$2)*O104^2 -> 0.00015200225 | T105: =N105 -> 11/07/2023 16:00:00 | U105: ='Correlation Matrix'!F94 -> 0.013190056 | V105: =$B$2*V104+(1-$B$2)*U104^2 -> 0.00034174645 | Z105: =T105 -> 11/07/2023 16:00:00 | AA105: ='Correlation Matrix'!G94 -> 0.014279447 | AB105: =$B$2*AB104+(1-$B$2)*AA104^2 -> 0.00011659197 | AF105: =Z105 -> 11/07/2023 16:00:00 | AG105: ='Correlation Matrix'!H94 -> 0.0080868711 | AH105: =$B$2*AH104+(1-$B$2)*AG104^2 -> 0.00016523824 | AX105: ='Correlation Matrix'!B414 -> 16/10/2024 16:00:00 | AY105: ='Correlation Matrix'!C414 -> -0.0088912383 | AZ105: ='Correlation Matrix'!D414 -> -0.0042714572 | BA105: ='Correlation Matrix'!E414 -> 0.0067462983 | BB105: ='Correlation Matrix'!F414 -> 0.014349141 | BC105: ='Correlation Matrix'!G414 -> 0.013394893 | BD105: ='Correlation Matrix'!H414 -> 0.050015003 | BE105: ='Correlation Matrix'!I414 -> 411
B106: ='Correlation Matrix'!B95 -> 12/07/2023 16:00:00 | C106: ='Correlation Matrix'!C95 -> 0.0089454083 | D106: =$B$2*D105+(1-$B$2)*C105^2 -> 9.7790081e-05 | H106: =B106 -> 12/07/2023 16:00:00 | I106: ='Correlation Matrix'!D95 -> 0.015563917 | J106: =$B$2*J105+(1-$B$2)*I105^2 -> 0.00028128563 | N106: =H106 -> 12/07/2023 16:00:00 | O106: ='Correlation Matrix'!E95 -> 0.0095670418 | P106: =$B$2*P105+(1-$B$2)*O105^2 -> 0.000163014 | T106: =N106 -> 12/07/2023 16:00:00 | U106: ='Correlation Matrix'!F95 -> 0.00137836 | V106: =$B$2*V105+(1-$B$2)*U105^2 -> 0.00033168032 | Z106: =T106 -> 12/07/2023 16:00:00 | AA106: ='Correlation Matrix'!G95 -> 0.0072386946 | AB106: =$B$2*AB105+(1-$B$2)*AA105^2 -> 0.00012183061 | AF106: =Z106 -> 12/07/2023 16:00:00 | AG106: ='Correlation Matrix'!H95 -> 0.017855742 | AH106: =$B$2*AH105+(1-$B$2)*AG105^2 -> 0.0001592478 | AX106: ='Correlation Matrix'!B413 -> 15/10/2024 16:00:00 | AY106: ='Correlation Matrix'!C413 -> 0.010964315 | AZ106: ='Correlation Matrix'!D413 -> 0.00079950968 | BA106: ='Correlation Matrix'!E413 -> -0.027045821 | BB106: ='Correlation Matrix'!F413 -> 0 | BC106: ='Correlation Matrix'!G413 -> 0.0011243824 | BD106: ='Correlation Matrix'!H413 -> -0.020785667 | BE106: ='Correlation Matrix'!I413 -> 410
B107: ='Correlation Matrix'!B96 -> 13/07/2023 16:00:00 | C107: ='Correlation Matrix'!C96 -> 0.0040493337 | D107: =$B$2*D106+(1-$B$2)*C106^2 -> 9.6723896e-05 | H107: =B107 -> 13/07/2023 16:00:00 | I107: ='Correlation Matrix'!D96 -> 0.026406665 | J107: =$B$2*J106+(1-$B$2)*I106^2 -> 0.00027894262 | N107: =H107 -> 13/07/2023 16:00:00 | O107: ='Correlation Matrix'!E96 -> -0.013432332 | P107: =$B$2*P106+(1-$B$2)*O106^2 -> 0.00015872486 | T107: =N107 -> 13/07/2023 16:00:00 | U107: ='Correlation Matrix'!F96 -> 0.024154942 | V107: =$B$2*V106+(1-$B$2)*U106^2 -> 0.00031189349 | Z107: =T107 -> 13/07/2023 16:00:00 | AA107: ='Correlation Matrix'!G96 -> -0.00032449298 | AB107: =$B$2*AB106+(1-$B$2)*AA106^2 -> 0.00011766469 | AF107: =Z107 -> 13/07/2023 16:00:00 | AG107: ='Correlation Matrix'!H96 -> -0.0082580305 | AH107: =$B$2*AH106+(1-$B$2)*AG106^2 -> 0.00016882258 | AX107: ='Correlation Matrix'!B412 -> 14/10/2024 16:00:00 | AY107: ='Correlation Matrix'!C412 -> 0.016345575 | AZ107: ='Correlation Matrix'!D412 -> -0.0068020243 | BA107: ='Correlation Matrix'!E412 -> 0.0023746713 | BB107: ='Correlation Matrix'!F412 -> 0.029535045 | BC107: ='Correlation Matrix'!G412 -> 0.0087222533 | BD107: ='Correlation Matrix'!H412 -> 0.020522692 | BE107: ='Correlation Matrix'!I412 -> 409
B108: ='Correlation Matrix'!B97 -> 14/07/2023 16:00:00 | C108: ='Correlation Matrix'!C97 -> 0.00078692657 | D108: =$B$2*D107+(1-$B$2)*C107^2 -> 9.1904289e-05 | H108: =B108 -> 14/07/2023 16:00:00 | I108: ='Correlation Matrix'!D97 -> 0.0028254908 | J108: =$B$2*J107+(1-$B$2)*I107^2 -> 0.00030404478 | N108: =H108 -> 14/07/2023 16:00:00 | O108: ='Correlation Matrix'!E97 -> -0.025267344 | P108: =$B$2*P107+(1-$B$2)*O107^2 -> 0.00016002702 | T108: =N108 -> 14/07/2023 16:00:00 | U108: ='Correlation Matrix'!F97 -> 0.0077013607 | V108: =$B$2*V107+(1-$B$2)*U107^2 -> 0.00032818756 | Z108: =T108 -> 14/07/2023 16:00:00 | AA108: ='Correlation Matrix'!G97 -> 0.0048563732 | AB108: =$B$2*AB107+(1-$B$2)*AA107^2 -> 0.00011061113 | AF108: =Z108 -> 14/07/2023 16:00:00 | AG108: ='Correlation Matrix'!H97 -> -0.0028380741 | AH108: =$B$2*AH107+(1-$B$2)*AG107^2 -> 0.00016278493 | AX108: ='Correlation Matrix'!B411 -> 11/10/2024 16:00:00 | AY108: ='Correlation Matrix'!C411 -> -0.0065266663 | AZ108: ='Correlation Matrix'!D411 -> 0.011558975 | BA108: ='Correlation Matrix'!E411 -> 0.005297324 | BB108: ='Correlation Matrix'!F411 -> 0.012929888 | BC108: ='Correlation Matrix'!G411 -> 0.008477677 | BD108: ='Correlation Matrix'!H411 -> 0.014796024 | BE108: ='Correlation Matrix'!I411 -> 408
B109: ='Correlation Matrix'!B98 -> 17/07/2023 16:00:00 | C109: ='Correlation Matrix'!C98 -> 0.017157538 | D109: =$B$2*D108+(1-$B$2)*C108^2 -> 8.6427186e-05 | H109: =B109 -> 17/07/2023 16:00:00 | I109: ='Correlation Matrix'!D98 -> -0.0083507792 | J109: =$B$2*J108+(1-$B$2)*I108^2 -> 0.0002862811 | N109: =H109 -> 17/07/2023 16:00:00 | O109: ='Correlation Matrix'!E98 -> -0.00091199277 | P109: =$B$2*P108+(1-$B$2)*O108^2 -> 0.00018873172 | T109: =N109 -> 17/07/2023 16:00:00 | U109: ='Correlation Matrix'!F98 -> -0.013432035 | V109: =$B$2*V108+(1-$B$2)*U108^2 -> 0.00031205496 | Z109: =T109 -> 17/07/2023 16:00:00 | AA109: ='Correlation Matrix'!G98 -> -0.00077046393 | AB109: =$B$2*AB108+(1-$B$2)*AA108^2 -> 0.00010538952 | AF109: =Z109 -> 17/07/2023 16:00:00 | AG109: ='Correlation Matrix'!H98 -> 0.012344544 | AH109: =$B$2*AH108+(1-$B$2)*AG108^2 -> 0.00015350111 | AX109: ='Correlation Matrix'!B410 -> 10/10/2024 16:00:00 | AY109: ='Correlation Matrix'!C410 -> -0.0021806455 | AZ109: ='Correlation Matrix'!D410 -> 0.0079608833 | BA109: ='Correlation Matrix'!E410 -> 0.0064608744 | BB109: ='Correlation Matrix'!F410 -> -0.0067936442 | BC109: ='Correlation Matrix'!G410 -> -0.0038678566 | BD109: ='Correlation Matrix'!H410 -> 0.00011437504 | BE109: ='Correlation Matrix'!I410 -> 407
B110: ='Correlation Matrix'!B99 -> 18/07/2023 16:00:00 | C110: ='Correlation Matrix'!C99 -> -0.0013411742 | D110: =$B$2*D109+(1-$B$2)*C109^2 -> 9.8904423e-05 | H110: =B110 -> 18/07/2023 16:00:00 | I110: ='Correlation Matrix'!D99 -> -0.0054806999 | J110: =$B$2*J109+(1-$B$2)*I109^2 -> 0.00027328836 | N110: =H110 -> 18/07/2023 16:00:00 | O110: ='Correlation Matrix'!E99 -> 0.0020182956 | P110: =$B$2*P109+(1-$B$2)*O109^2 -> 0.00017745772 | T110: =N110 -> 18/07/2023 16:00:00 | U110: ='Correlation Matrix'!F99 -> -0.017391743 | V110: =$B$2*V109+(1-$B$2)*U109^2 -> 0.00030415684 | Z110: =T110 -> 18/07/2023 16:00:00 | AA110: ='Correlation Matrix'!G99 -> -0.010095543 | AB110: =$B$2*AB109+(1-$B$2)*AA109^2 -> 9.9101768e-05 | AF110: =Z110 -> 18/07/2023 16:00:00 | AG110: ='Correlation Matrix'!H99 -> -0.0084573723 | AH110: =$B$2*AH109+(1-$B$2)*AG109^2 -> 0.00015343431 | AX110: ='Correlation Matrix'!B409 -> 09/10/2024 16:00:00 | AY110: ='Correlation Matrix'!C409 -> 0.016560524 | AZ110: ='Correlation Matrix'!D409 -> 0.013319396 | BA110: ='Correlation Matrix'!E409 -> 0.0060321899 | BB110: ='Correlation Matrix'!F409 -> -0.025922877 | BC110: ='Correlation Matrix'!G409 -> 0.0057973503 | BD110: ='Correlation Matrix'!H409 -> -0.06319602 | BE110: ='Correlation Matrix'!I409 -> 406
...

Sheet GARCH
A1: Parameters | C1: (Volatility)
A2: Alpha = | B2: 0.09999
A3: Beta = | B3: 0.9
A4: Omega = | B4: =1-(B2+B3) -> 1e-05
B8: GARSH (1,1) AAPL | I8: GARSH (1,1) AMZN | P8: GARSH (1,1) CVX | W8: GARSH (1,1) WDC | AD8: GARSH (1,1) MA | AK8: GARSH (1,1) CEG
B9: Date | C9: Return | D9: VAR | E9: EWMA Value (Volatility) | I9: Date | J9: Return | K9: VAR | L9: EWMA Value (Volatility) | P9: Date | Q9: Return | R9: VAR | S9: GARSH Value (Volatility) | W9: Date | X9: Return | Y9: VAR | Z9: GARSH Value (Volatility) | AD9: Date | AE9: Return | AF9: VAR | AG9: GARSH Value (Volatility) | AK9: Date | AL9: Return | AM9: VAR | AN9: GARSH Value (Volatility)
B10: =EWMA!B15 -> 01/03/2023 16:00:00 | C10: =EWMA!C15 -> -0.013126599 | D10: =VAR(C10:C511) -> 0.00018660748 | E10: =E512 -> 0.018490961 | I10: =B10 -> 01/03/2023 16:00:00 | J10: =EWMA!I15 -> -0.022103904 | K10: =VAR(J10:J511) -> 0.00033304773 | L10: =L512 -> 0.01967673 | P10: =I10 -> 01/03/2023 16:00:00 | Q10: =EWMA!O15 -> 0.0079301574 | R10: =VAR(Q10:Q511) -> 0.00017081741 | S10: =S512 -> 0.015279407 | W10: =P10 -> 01/03/2023 16:00:00 | X10: =EWMA!U15 -> -0.0096719234 | Y10: =VAR(X10:X511) -> 0.00057531728 | Z10: =Z512 -> 0.031021556 | AD10: =W10 -> 01/03/2023 16:00:00 | AE10: =EWMA!AA15 -> -0.0050508721 | AF10: =VAR(AE10:AE511) -> 0.00010757248 | AG10: =AG512 -> 0.014384204 | AK10: =AD10 -> 01/03/2023 16:00:00 | AL10: =EWMA!AG15 -> -0.0072366974 | AM10: =VAR(AL10:AL511) -> 0.00095877323 | AN10: =AN512 -> 0.048872847
B11: =EWMA!B16 -> 02/03/2023 16:00:00 | C11: =EWMA!C16 -> 0.0041206019 | D11: =$B$4+$B$2*C10^2+D10*$B$3 -> 0.00019517577 | I11: =B11 -> 02/03/2023 16:00:00 | J11: =EWMA!I16 -> -0.00043407488 | K11: =$B$4+$B$2*J10^2+K10*$B$3 -> 0.00035859633 | P11: =I11 -> 02/03/2023 16:00:00 | Q11: =EWMA!O16 -> 0.0031422348 | R11: =$B$4+$B$2*Q10^2+R10*$B$3 -> 0.00017002378 | W11: =P11 -> 02/03/2023 16:00:00 | X11: =EWMA!U16 -> 0.006918049 | Y11: =$B$4+$B$2*X10^2+Y10*$B$3 -> 0.00053713923 | AD11: =W11 -> 02/03/2023 16:00:00 | AE11: =EWMA!AA16 -> 0.0058386503 | AF11: =$B$4+$B$2*AE10^2+AF10*$B$3 -> 0.00010936611 | AK11: =AD11 -> 02/03/2023 16:00:00 | AL11: =EWMA!AG16 -> 0.024315288 | AM11: =$B$4+$B$2*AL10^2+AM10*$B$3 -> 0.00087813236
B12: =EWMA!B17 -> 03/03/2023 16:00:00 | C12: =EWMA!C17 -> 0.034488499 | D12: =$B$4+$B$2*C11^2+D11*$B$3 -> 0.00018735595 | I12: =B12 -> 03/03/2023 16:00:00 | J12: =EWMA!I17 -> 0.029623082 | K12: =$B$4+$B$2*J11^2+K11*$B$3 -> 0.00033275553 | P12: =I12 -> 03/03/2023 16:00:00 | Q12: =EWMA!O17 -> 0.014655856 | R12: =$B$4+$B$2*Q11^2+R11*$B$3 -> 0.00016400867 | W12: =P12 -> 03/03/2023 16:00:00 | X12: =EWMA!U17 -> 0.0055001857 | Y12: =$B$4+$B$2*X11^2+Y11*$B$3 -> 0.00049821077 | AD12: =W12 -> 03/03/2023 16:00:00 | AE12: =EWMA!AA17 -> 0.016539906 | AF12: =$B$4+$B$2*AE11^2+AF11*$B$3 -> 0.00011183814 | AK12: =AD12 -> 03/03/2023 16:00:00 | AL12: =EWMA!AG17 -> 0.036095695 | AM12: =$B$4+$B$2*AL11^2+AM11*$B$3 -> 0.00085943654
B13: =EWMA!B18 -> 06/03/2023 16:00:00 | C13: =EWMA!C18 -> 0.018369604 | D13: =$B$4+$B$2*C12^2+D12*$B$3 -> 0.00029755412 | I13: =B13 -> 06/03/2023 16:00:00 | J13: =EWMA!I18 -> -0.012192041 | K13: =$B$4+$B$2*J12^2+K12*$B$3 -> 0.00039722391 | P13: =I13 -> 06/03/2023 16:00:00 | Q13: =EWMA!O18 -> 0.0073083404 | R13: =$B$4+$B$2*Q12^2+R12*$B$3 -> 0.00017908506 | W13: =P13 -> 06/03/2023 16:00:00 | X13: =EWMA!U18 -> -0.021133646 | Y13: =$B$4+$B$2*X12^2+Y12*$B$3 -> 0.00046141459 | AD13: =W13 -> 06/03/2023 16:00:00 | AE13: =EWMA!AA18 -> 0.014909053 | AF13: =$B$4+$B$2*AE12^2+AF12*$B$3 -> 0.00013800844 | AK13: =AD13 -> 06/03/2023 16:00:00 | AL13: =EWMA!AG18 -> -0.002281659 | AM13: =$B$4+$B$2*AL12^2+AM12*$B$3 -> 0.00091376977
B14: =EWMA!B19 -> 07/03/2023 16:00:00 | C14: =EWMA!C19 -> -0.014602623 | D14: =$B$4+$B$2*C13^2+D13*$B$3 -> 0.00031153957 | I14: =B14 -> 07/03/2023 16:00:00 | J14: =EWMA!I19 -> -0.0021356121 | K14: =$B$4+$B$2*J13^2+K13*$B$3 -> 0.00038236462 | P14: =I14 -> 07/03/2023 16:00:00 | Q14: =EWMA!O19 -> -0.012962023 | R14: =$B$4+$B$2*Q13^2+R13*$B$3 -> 0.00017651721 | W14: =P14 -> 07/03/2023 16:00:00 | X14: =EWMA!U19 -> -0.01268516 | Y14: =$B$4+$B$2*X13^2+Y13*$B$3 -> 0.00046993177 | AD14: =W14 -> 07/03/2023 16:00:00 | AE14: =EWMA!AA19 -> -0.019233743 | AF14: =$B$4+$B$2*AE13^2+AF13*$B$3 -> 0.00015643336 | AK14: =AD14 -> 07/03/2023 16:00:00 | AL14: =EWMA!AG19 -> -0.011487044 | AM14: =$B$4+$B$2*AL13^2+AM13*$B$3 -> 0.00083291334
B15: =EWMA!B20 -> 08/03/2023 16:00:00 | C15: =EWMA!C20 -> 0.0083424138 | D15: =$B$4+$B$2*C14^2+D14*$B$3 -> 0.00031170714 | I15: =B15 -> 08/03/2023 16:00:00 | J15: =EWMA!I20 -> 0.0039473034 | K15: =$B$4+$B$2*J14^2+K14*$B$3 -> 0.00035458419 | P15: =I15 -> 08/03/2023 16:00:00 | Q15: =EWMA!O20 -> -0.0063604887 | R15: =$B$4+$B$2*Q14^2+R14*$B$3 -> 0.00018566521 | W15: =P15 -> 08/03/2023 16:00:00 | X15: =EWMA!U20 -> 0.015831465 | Y15: =$B$4+$B$2*X14^2+Y14*$B$3 -> 0.00044902831 | AD15: =W15 -> 08/03/2023 16:00:00 | AE15: =EWMA!AA20 -> -0.0025314004 | AF15: =$B$4+$B$2*AE14^2+AF14*$B$3 -> 0.00018778001 | AK15: =AD15 -> 08/03/2023 16:00:00 | AL15: =EWMA!AG20 -> 0.0021799073 | AM15: =$B$4+$B$2*AL14^2+AM14*$B$3 -> 0.0007728159
B16: =EWMA!B21 -> 09/03/2023 16:00:00 | C16: =EWMA!C21 -> -0.015026975 | D16: =$B$4+$B$2*C15^2+D15*$B$3 -> 0.00029749532 | I16: =B16 -> 09/03/2023 16:00:00 | J16: =EWMA!I21 -> -0.017941073 | K16: =$B$4+$B$2*J15^2+K15*$B$3 -> 0.00033068374 | P16: =I16 -> 09/03/2023 16:00:00 | Q16: =EWMA!O21 -> -0.015332603 | R16: =$B$4+$B$2*Q15^2+R15*$B$3 -> 0.00018114387 | W16: =P16 -> 09/03/2023 16:00:00 | X16: =EWMA!U21 -> -0.022591854 | Y16: =$B$4+$B$2*X15^2+Y15*$B$3 -> 0.0004391865 | AD16: =W16 -> 09/03/2023 16:00:00 | AE16: =EWMA!AA21 -> -0.012866871 | AF16: =$B$4+$B$2*AE15^2+AF15*$B$3 -> 0.00017964274 | AK16: =AD16 -> 09/03/2023 16:00:00 | AL16: =EWMA!AG21 -> 0.0072746157 | AM16: =$B$4+$B$2*AL15^2+AM15*$B$3 -> 0.00070600947
B17: =EWMA!B22 -> 10/03/2023 16:00:00 | C17: =EWMA!C22 -> -0.013975954 | D17: =$B$4+$B$2*C16^2+D16*$B$3 -> 0.00030032453 | I17: =B17 -> 10/03/2023 16:00:00 | J17: =EWMA!I22 -> -0.01661422 | K17: =$B$4+$B$2*J16^2+K16*$B$3 -> 0.00033980036 | P17: =I17 -> 10/03/2023 16:00:00 | Q17: =EWMA!O22 -> -0.0052470606 | R17: =$B$4+$B$2*Q16^2+R16*$B$3 -> 0.000196536 | W17: =P17 -> 10/03/2023 16:00:00 | X17: =EWMA!U22 -> -0.027141163 | Y17: =$B$4+$B$2*X16^2+Y16*$B$3 -> 0.00045630193 | AD17: =W17 -> 10/03/2023 16:00:00 | AE17: =EWMA!AA22 -> -0.020897347 | AF17: =$B$4+$B$2*AE16^2+AF16*$B$3 -> 0.00018823245 | AK17: =AD17 -> 10/03/2023 16:00:00 | AL17: =EWMA!AG22 -> -0.013957586 | AM17: =$B$4+$B$2*AL16^2+AM16*$B$3 -> 0.00065069999
B18: =EWMA!B23 -> 13/03/2023 16:00:00 | C18: =EWMA!C23 -> 0.013178771 | D18: =$B$4+$B$2*C17^2+D17*$B$3 -> 0.00029982285 | I18: =B18 -> 13/03/2023 16:00:00 | J18: =EWMA!I23 -> 0.018563538 | K18: =$B$4+$B$2*J17^2+K17*$B$3 -> 0.00034342079 | P18: =I18 -> 13/03/2023 16:00:00 | Q18: =EWMA!O23 -> -0.0060305478 | R18: =$B$4+$B$2*Q17^2+R17*$B$3 -> 0.00018963529 | W18: =P18 -> 13/03/2023 16:00:00 | X18: =EWMA!U23 -> -0.020756861 | Y18: =$B$4+$B$2*X17^2+Y17*$B$3 -> 0.00049432865 | AD18: =W18 -> 13/03/2023 16:00:00 | AE18: =EWMA!AA23 -> -0.0069382488 | AF18: =$B$4+$B$2*AE17^2+AF17*$B$3 -> 0.00022307475 | AK18: =AD18 -> 13/03/2023 16:00:00 | AL18: =EWMA!AG23 -> -0.0058196091 | AM18: =$B$4+$B$2*AL17^2+AM17*$B$3 -> 0.00061510947
B19: =EWMA!B24 -> 14/03/2023 16:00:00 | C19: =EWMA!C24 -> 0.013990857 | D19: =$B$4+$B$2*C18^2+D18*$B$3 -> 0.00029720683 | I19: =B19 -> 14/03/2023 16:00:00 | J19: =EWMA!I24 -> 0.026161334 | K19: =$B$4+$B$2*J18^2+K18*$B$3 -> 0.00035353576 | P19: =I19 -> 14/03/2023 16:00:00 | Q19: =EWMA!O24 -> 0.012833932 | R19: =$B$4+$B$2*Q18^2+R18*$B$3 -> 0.00018430815 | W19: =P19 -> 14/03/2023 16:00:00 | X19: =EWMA!U24 -> -0.0011242272 | Y19: =$B$4+$B$2*X18^2+Y18*$B$3 -> 0.0004979762 | AD19: =W19 -> 14/03/2023 16:00:00 | AE19: =EWMA!AA24 -> 0.023254528 | AF19: =$B$4+$B$2*AE18^2+AF18*$B$3 -> 0.00021558072 | AK19: =AD19 -> 14/03/2023 16:00:00 | AL19: =EWMA!AG24 -> 0.010707707 | AM19: =$B$4+$B$2*AL18^2+AM18*$B$3 -> 0.00056698497
B20: =EWMA!B25 -> 15/03/2023 16:00:00 | C20: =EWMA!C25 -> 0.0026179739 | D20: =$B$4+$B$2*C19^2+D19*$B$3 -> 0.0002970586 | I20: =B20 -> 15/03/2023 16:00:00 | J20: =EWMA!I25 -> 0.013816422 | K20: =$B$4+$B$2*J19^2+K19*$B$3 -> 0.00039661688 | P20: =I20 -> 15/03/2023 16:00:00 | Q20: =EWMA!O25 -> -0.044259513 | R20: =$B$4+$B$2*Q19^2+R19*$B$3 -> 0.00019234667 | W20: =P20 -> 15/03/2023 16:00:00 | X20: =EWMA!U25 -> -0.02582749 | Y20: =$B$4+$B$2*X19^2+Y19*$B$3 -> 0.00045830496 | AD20: =W20 -> 15/03/2023 16:00:00 | AE20: =EWMA!AA25 -> -0.013525673 | AF20: =$B$4+$B$2*AE19^2+AF19*$B$3 -> 0.00025809455 | AK20: =AD20 -> 15/03/2023 16:00:00 | AL20: =EWMA!AG25 -> -0.0077290092 | AM20: =$B$4+$B$2*AL19^2+AM19*$B$3 -> 0.00053175082
B21: =EWMA!B26 -> 16/03/2023 16:00:00 | C21: =EWMA!C26 -> 0.018521446 | D21: =$B$4+$B$2*C20^2+D20*$B$3 -> 0.00027803805 | I21: =B21 -> 16/03/2023 16:00:00 | J21: =EWMA!I26 -> 0.039140748 | K21: =$B$4+$B$2*J20^2+K20*$B$3 -> 0.00038604263 | P21: =I21 -> 16/03/2023 16:00:00 | Q21: =EWMA!O26 -> 0.0031808914 | R21: =$B$4+$B$2*Q20^2+R20*$B$3 -> 0.00037898286 | W21: =P21 -> 16/03/2023 16:00:00 | X21: =EWMA!U26 -> 0.027326178 | Y21: =$B$4+$B$2*X20^2+Y20*$B$3 -> 0.00048917371 | AD21: =W21 -> 16/03/2023 16:00:00 | AE21: =EWMA!AA26 -> -0.00022985864 | AF21: =$B$4+$B$2*AE20^2+AF20*$B$3 -> 0.00026057765 | AK21: =AD21 -> 16/03/2023 16:00:00 | AL21: =EWMA!AG26 -> 0.014124529 | AM21: =$B$4+$B$2*AL20^2+AM20*$B$3 -> 0.0004945489
B22: =EWMA!B27 -> 17/03/2023 16:00:00 | C22: =EWMA!C27 -> -0.0054688893 | D22: =$B$4+$B$2*C21^2+D21*$B$3 -> 0.00029453521 | I22: =B22 -> 17/03/2023 16:00:00 | J22: =EWMA!I27 -> -0.010955434 | K22: =$B$4+$B$2*J21^2+K21*$B$3 -> 0.00051062287 | P22: =I22 -> 17/03/2023 16:00:00 | Q22: =EWMA!O27 -> -0.012719084 | R22: =$B$4+$B$2*Q21^2+R21*$B$3 -> 0.00035209628 | W22: =P22 -> 17/03/2023 16:00:00 | X22: =EWMA!U27 -> -0.0071388618 | Y22: =$B$4+$B$2*X21^2+Y21*$B$3 -> 0.00052492088 | AD22: =W22 -> 17/03/2023 16:00:00 | AE22: =EWMA!AA27 -> 0.004758774 | AF22: =$B$4+$B$2*AE21^2+AF21*$B$3 -> 0.00024452517 | AK22: =AD22 -> 17/03/2023 16:00:00 | AL22: =EWMA!AG27 -> -0.021392568 | AM22: =$B$4+$B$2*AL21^2+AM21*$B$3 -> 0.00047504225
... B511: =EWMA!B516 -> 28/02/2025 16:00:00 | C511: =EWMA!C516 -> 0.018951187 | D511: =$B$4+$B$2*C510^2+D510*$B$3 -> 0.00032889388 | I511: =B511 -> 28/02/2025 16:00:00 | J511: =EWMA!I516 -> 0.0168167 | K511: =$B$4+$B$2*J510^2+K510*$B$3 -> 0.00038766265 | P511: =I511 -> 28/02/2025 16:00:00 | Q511: =EWMA!O516 -> 0.012369722 | R511: =$B$4+$B$2*Q510^2+R510*$B$3 -> 0.00023128979 | W511: =P511 -> 28/02/2025 16:00:00 | X511: =EWMA!U516 -> 0.015031684 | Y511: =$B$4+$B$2*X510^2+Y510*$B$3 -> 0.001033049 | AD511: =W511 -> 28/02/2025 16:00:00 | AE511: =EWMA!AA516 -> 0.020138614 | AF511: =$B$4+$B$2*AE510^2+AF510*$B$3 -> 0.00017372555 | AK511: =AD511 -> 28/02/2025 16:00:00 | AL511: =EWMA!AG516 -> 0.0032381247 | AM511: =$B$4+$B$2*AL510^2+AM510*$B$3 -> 0.0026416742
B512: =EWMA!B517 -> - | C512: =EWMA!C517 -> 0 | D512: =$B$4+$B$2*C511^2+D511*$B$3 -> 0.00034191565 | E512: =SQRT(D512) -> 0.018490961 | I512: =B512 -> - | J512: =EWMA!I517 -> - | K512: =$B$4+$B$2*J511^2+K511*$B$3 -> 0.00038717369 | L512: =SQRT(K512) -> 0.01967673 | P512: =I512 -> - | Q512: =EWMA!O517 -> - | R512: =$B$4+$B$2*Q511^2+R511*$B$3 -> 0.00023346029 | S512: =SQRT(R512) -> 0.015279407 | W512: =P512 -> - | X512: =EWMA!U517 -> - | Y512: =$B$4+$B$2*X511^2+Y511*$B$3 -> 0.00096233695 | Z512: =SQRT(Y512) -> 0.031021556 | AD512: =W512 -> - | AE512: =EWMA!AA517 -> - | AF512: =$B$4+$B$2*AE511^2+AF511*$B$3 -> 0.00020690531 | AG512: =SQRT(AF512) -> 0.014384204 | AK512: =AD512 -> - | AL512: =EWMA!AG517 -> - | AM512: =$B$4+$B$2*AL511^2+AM511*$B$3 -> 0.0023885552 | AN512: =SQRT(AM512) -> 0.048872847
A513: - | B513: - | C513: - | D513: - | E513: - | F513: - | G513: - | H513: - | I513: - | J513: - | K513: - | L513: - | M513: - | N513: - | O513: - | P513: - | Q513: - | R513: - | S513: - | T513: - | U513: - | V513: - | W513: - | X513: =EWMA!U518 -> - | Y513: - | Z513: - | AA513: - | AD513: - | AE513: =EWMA!AA518 -> - | AF513: - | AG513: - | AH513: - | AK513: - | AL513: =EWMA!AH518 -> - | AM513: - | AN513: - | AO513: -

Sheet Historical VAR 
A1: Parameters
A2: Portfolio Value = | D2: 5000000
A3: AAPL Weight | D3: =1/6 -> 0.16666667 | E3: WDC Weight | F3: =1/6 -> 0.16666667
A4: CVX Weight | D4: =1/6 -> 0.16666667 | E4: MA Weight | F4: =1/6 -> 0.16666667
A5: AMZN Weight | D5: =1/6 -> 0.16666667 | E5: CEG Weight | F5: =1/6 -> 0.16666667
A6: Confidence Interval = | D6: 0.95 | H6: VAR
H7: Date | I7: AAPL Daily Return | J7: CVX Daily Return | K7: AMZN Daily Return | L7: WDC Daily Return | M7: MA Daily Return | N7: CEG Daily Return | O7: Profit/loss
A8: VAR= | B8: =_xlfn.PERCENTILE.INC(O8:O509,(1-D6)) -> -82743.946 | H8: =GARCH!AK10 -> 01/03/2023 16:00:00 | I8: =GARCH!C10 -> -0.013126599 | J8: =GARCH!Q10 -> 0.0079301574 | K8: =GARCH!J10 -> -0.022103904 | L8: =GARCH!X10 -> -0.0096719234 | M8: =GARCH!AE10 -> -0.0050508721 | N8: =GARCH!AL10 -> -0.0072366974 | O8: =($D$3*I8*$D$2)+(J8*$D$4*$D$2)+(K8*$D$5*$D$2)+(L8*$F$3*$D$2)+(M8*$F$4*$D$2)+(N8*$F$5*$D$2) -> -41049.865
H9: =GARCH!AK11 -> 02/03/2023 16:00:00 | I9: =GARCH!C11 -> 0.0041206019 | J9: =GARCH!Q11 -> 0.0031422348 | K9: =GARCH!J11 -> -0.00043407488 | L9: =GARCH!X11 -> 0.006918049 | M9: =GARCH!AE11 -> 0.0058386503 | N9: =GARCH!AL11 -> 0.024315288 | O9: =($D$3*I9*$D$2)+(J9*$D$4*$D$2)+(K9*$D$5*$D$2)+(L9*$F$3*$D$2)+(M9*$F$4*$D$2)+(N9*$F$5*$D$2) -> 36583.958
A10: Marginal VAR | C10: New Value | D10: Current VAR | E10: Change in weight | F10: Marginal VAR | H10: =GARCH!AK12 -> 03/03/2023 16:00:00 | I10: =GARCH!C12 -> 0.034488499 | J10: =GARCH!Q12 -> 0.014655856 | K10: =GARCH!J12 -> 0.029623082 | L10: =GARCH!X12 -> 0.0055001857 | M10: =GARCH!AE12 -> 0.016539906 | N10: =GARCH!AL12 -> 0.036095695 | O10: =($D$3*I10*$D$2)+(J10*$D$4*$D$2)+(K10*$D$5*$D$2)+(L10*$F$3*$D$2)+(M10*$F$4*$D$2)+(N10*$F$5*$D$2) -> 114086.02
A11: AAPL | C11: -82740.36 | D11: =$B$8 -> -82743.946 | E11: 0.0001 | F11: =(C11-D11)/E11 -> 35855.037 | H11: =GARCH!AK13 -> 06/03/2023 16:00:00 | I11: =GARCH!C13 -> 0.018369604 | J11: =GARCH!Q13 -> 0.0073083404 | K11: =GARCH!J13 -> -0.012192041 | L11: =GARCH!X13 -> -0.021133646 | M11: =GARCH!AE13 -> 0.014909053 | N11: =GARCH!AL13 -> -0.002281659 | O11: =($D$3*I11*$D$2)+(J11*$D$4*$D$2)+(K11*$D$5*$D$2)+(L11*$F$3*$D$2)+(M11*$F$4*$D$2)+(N11*$F$5*$D$2) -> 4149.709
A12: CVX | C12: -82726.01 | D12: =$B$8 -> -82743.946 | E12: 0.0001 | F12: =(C12-D12)/E12 -> 179355.04 | H12: =GARCH!AK14 -> 07/03/2023 16:00:00 | I12: =GARCH!C14 -> -0.014602623 | J12: =GARCH!Q14 -> -0.012962023 | K12: =GARCH!J14 -> -0.0021356121 | L12: =GARCH!X14 -> -0.01268516 | M12: =GARCH!AE14 -> -0.019233743 | N12: =GARCH!AL14 -> -0.011487044 | O12: =($D$3*I12*$D$2)+(J12*$D$4*$D$2)+(K12*$D$5*$D$2)+(L12*$F$3*$D$2)+(M12*$F$4*$D$2)+(N12*$F$5*$D$2) -> -60921.838
A13: AMZN | C13: -82735.77 | D13: =$B$8 -> -82743.946 | E13: 0.0001 | F13: =(C13-D13)/E13 -> 81755.037 | H13: =GARCH!AK15 -> 08/03/2023 16:00:00 | I13: =GARCH!C15 -> 0.0083424138 | J13: =GARCH!Q15 -> -0.0063604887 | K13: =GARCH!J15 -> 0.0039473034 | L13: =GARCH!X15 -> 0.015831465 | M13: =GARCH!AE15 -> -0.0025314004 | N13: =GARCH!AL15 -> 0.0021799073 | O13: =($D$3*I13*$D$2)+(J13*$D$4*$D$2)+(K13*$D$5*$D$2)+(L13*$F$3*$D$2)+(M13*$F$4*$D$2)+(N13*$F$5*$D$2) -> 17841
A14: WDC | C14: -82742.08 | D14: =$B$8 -> -82743.946 | E14: 0.0001 | F14: =(C14-D14)/E14 -> 18655.037 | H14: =GARCH!AK16 -> 09/03/2023 16:00:00 | I14: =GARCH!C16 -> -0.015026975 | J14: =GARCH!Q16 -> -0.015332603 | K14: =GARCH!J16 -> -0.017941073 | L14: =GARCH!X16 -> -0.022591854 | M14: =GARCH!AE16 -> -0.012866871 | N14: =GARCH!AL16 -> 0.0072746157 | O14: =($D$3*I14*$D$2)+(J14*$D$4*$D$2)+(K14*$D$5*$D$2)+(L14*$F$3*$D$2)+(M14*$F$4*$D$2)+(N14*$F$5*$D$2) -> -63737.301
A15: MA. | C15: -82734.37 | D15: =$B$8 -> -82743.946 | E15: 0.0001 | F15: =(C15-D15)/E15 -> 95755.037 | H15: =GARCH!AK17 -> 10/03/2023 16:00:00 | I15: =GARCH!C17 -> -0.013975954 | J15: =GARCH!Q17 -> -0.0052470606 | K15: =GARCH!J17 -> -0.01661422 | L15: =GARCH!X17 -> -0.027141163 | M15: =GARCH!AE17 -> -0.020897347 | N15: =GARCH!AL17 -> -0.013957586 | O15: =($D$3*I15*$D$2)+(J15*$D$4*$D$2)+(K15*$D$5*$D$2)+(L15*$F$3*$D$2)+(M15*$F$4*$D$2)+(N15*$F$5*$D$2) -> -81527.775
A16: CEG | C16: -82785.09 | D16: =$B$8 -> -82743.946 | E16: 0.0001 | F16: =(C16-D16)/E16 -> -411444.96 | H16: =GARCH!AK18 -> 13/03/2023 16:00:00 | I16: =GARCH!C18 -> 0.013178771 | J16: =GARCH!Q18 -> -0.0060305478 | K16: =GARCH!J18 -> 0.018563538 | L16: =GARCH!X18 -> -0.020756861 | M16: =GARCH!AE18 -> -0.0069382488 | N16: =GARCH!AL18 -> -0.0058196091 | O16: =($D$3*I16*$D$2)+(J16*$D$4*$D$2)+(K16*$D$5*$D$2)+(L16*$F$3*$D$2)+(M16*$F$4*$D$2)+(N16*$F$5*$D$2) -> -6502.4649
H17: =GARCH!AK19 -> 14/03/2023 16:00:00 | I17: =GARCH!C19 -> 0.013990857 | J17: =GARCH!Q19 -> 0.012833932 | K17: =GARCH!J19 -> 0.026161334 | L17: =GARCH!X19 -> -0.0011242272 | M17: =GARCH!AE19 -> 0.023254528 | N17: =GARCH!AL19 -> 0.010707707 | O17: =($D$3*I17*$D$2)+(J17*$D$4*$D$2)+(K17*$D$5*$D$2)+(L17*$F$3*$D$2)+(M17*$F$4*$D$2)+(N17*$F$5*$D$2) -> 71520.109
H18: =GARCH!AK20 -> 15/03/2023 16:00:00 | I18: =GARCH!C20 -> 0.0026179739 | J18: =GARCH!Q20 -> -0.044259513 | K18: =GARCH!J20 -> 0.013816422 | L18: =GARCH!X20 -> -0.02582749 | M18: =GARCH!AE20 -> -0.013525673 | N18: =GARCH!AL20 -> -0.0077290092 | O18: =($D$3*I18*$D$2)+(J18*$D$4*$D$2)+(K18*$D$5*$D$2)+(L18*$F$3*$D$2)+(M18*$F$4*$D$2)+(N18*$F$5*$D$2) -> -62422.74
H19: =GARCH!AK21 -> 16/03/2023 16:00:00 | I19: =GARCH!C21 -> 0.018521446 | J19: =GARCH!Q21 -> 0.0031808914 | K19: =GARCH!J21 -> 0.039140748 | L19: =GARCH!X21 -> 0.027326178 | M19: =GARCH!AE21 -> -0.00022985864 | N19: =GARCH!AL21 -> 0.014124529 | O19: =($D$3*I19*$D$2)+(J19*$D$4*$D$2)+(K19*$D$5*$D$2)+(L19*$F$3*$D$2)+(M19*$F$4*$D$2)+(N19*$F$5*$D$2) -> 85053.279
H20: =GARCH!AK22 -> 17/03/2023 16:00:00 | I20: =GARCH!C22 -> -0.0054688893 | J20: =GARCH!Q22 -> -0.012719084 | K20: =GARCH!J22 -> -0.010955434 | L20: =GARCH!X22 -> -0.0071388618 | M20: =GARCH!AE22 -> 0.004758774 | N20: =GARCH!AL22 -> -0.021392568 | O20: =($D$3*I20*$D$2)+(J20*$D$4*$D$2)+(K20*$D$5*$D$2)+(L20*$F$3*$D$2)+(M20*$F$4*$D$2)+(N20*$F$5*$D$2) -> -44096.719
H21: =GARCH!AK23 -> 20/03/2023 16:00:00 | I21: =GARCH!C23 -> 0.015365219 | J21: =GARCH!Q23 -> 0.014596897 | K21: =GARCH!J23 -> -0.012610764 | L21: =GARCH!X23 -> 0.0033879197 | M21: =GARCH!AE23 -> -0.00097284622 | N21: =GARCH!AL23 -> 0.002991483 | O21: =($D$3*I21*$D$2)+(J21*$D$4*$D$2)+(K21*$D$5*$D$2)+(L21*$F$3*$D$2)+(M21*$F$4*$D$2)+(N21*$F$5*$D$2) -> 18964.923
H22: =GARCH!AK24 -> 21/03/2023 16:00:00 | I22: =GARCH!C24 -> 0.011873324 | J22: =GARCH!Q24 -> 0.030140228 | K22: =GARCH!J24 -> 0.029247748 | L22: =GARCH!X24 -> 0.0074878673 | M22: =GARCH!AE24 -> 0.01491738 | N22: =GARCH!AL24 -> -0.0062532773 | O22: =($D$3*I22*$D$2)+(J22*$D$4*$D$2)+(K22*$D$5*$D$2)+(L22*$F$3*$D$2)+(M22*$F$4*$D$2)+(N22*$F$5*$D$2) -> 72844.392
H23: =GARCH!AK25 -> 22/03/2023 16:00:00 | I23: =GARCH!C25 -> -0.0091451553 | J23: =GARCH!Q25 -> -0.020547365 | K23: =GARCH!J25 -> -0.01916671 | L23: =GARCH!X25 -> -0.021871158 | M23: =GARCH!AE25 -> -0.010034098 | N23: =GARCH!AL25 -> -0.027827422 | O23: =($D$3*I23*$D$2)+(J23*$D$4*$D$2)+(K23*$D$5*$D$2)+(L23*$F$3*$D$2)+(M23*$F$4*$D$2)+(N23*$F$5*$D$2) -> -90493.257
H24: =GARCH!AK26 -> 23/03/2023 16:00:00 | I24: =GARCH!C26 -> 0.0069453493 | J24: =GARCH!Q26 -> -0.0099810868 | K24: =GARCH!J26 -> 0.00010131199 | L24: =GARCH!X26 -> 0.016260521 | M24: =GARCH!AE26 -> 0.0094698751 | N24: =GARCH!AL26 -> -0.013800787 | O24: =($D$3*I24*$D$2)+(J24*$D$4*$D$2)+(K24*$D$5*$D$2)+(L24*$F$3*$D$2)+(M24*$F$4*$D$2)+(N24*$F$5*$D$2) -> 7495.986
H25: =GARCH!AK27 -> 24/03/2023 16:00:00 | I25: =GARCH!C27 -> 0.0082712421 | J25: =GARCH!Q27 -> 0.0099170109 | K25: =GARCH!J27 -> -0.0058931282 | L25: =GARCH!X27 -> -0.00037516414 | M25: =GARCH!AE27 -> -0.0077620786 | N25: =GARCH!AL27 -> 0.00054481069 | O25: =($D$3*I25*$D$2)+(J25*$D$4*$D$2)+(K25*$D$5*$D$2)+(L25*$F$3*$D$2)+(M25*$F$4*$D$2)+(N25*$F$5*$D$2) -> 3918.9106
H26: =GARCH!AK28 -> 27/03/2023 16:00:00 | I26: =GARCH!C28 -> -0.012369479 | J26: =GARCH!Q28 -> 0.010136837 | K26: =GARCH!J28 -> -0.00091757156 | L26: =GARCH!X28 -> -0.0015020656 | M26: =GARCH!AE28 -> 0.0084673072 | N26: =GARCH!AL28 -> 0.024612903 | O26: =($D$3*I26*$D$2)+(J26*$D$4*$D$2)+(K26*$D$5*$D$2)+(L26*$F$3*$D$2)+(M26*$F$4*$D$2)+(N26*$F$5*$D$2) -> 23689.942
H27: =GARCH!AK29 -> 28/03/2023 16:00:00 | I27: =GARCH!C29 -> -0.0039882305 | J27: =GARCH!Q29 -> 0.011603838 | K27: =GARCH!J29 -> -0.0081934092 | L27: =GARCH!X29 -> -0.017055558 | M27: =GARCH!AE29 -> -0.00081811134 | N27: =GARCH!AL29 -> 0.0031834488 | O27: =($D$3*I27*$D$2)+(J27*$D$4*$D$2)+(K27*$D$5*$D$2)+(L27*$F$3*$D$2)+(M27*$F$4*$D$2)+(N27*$F$5*$D$2) -> -12723.352
H28: =GARCH!AK30 -> 29/03/2023 16:00:00 | I28: =GARCH!C30 -> 0.019597386 | J28: =GARCH!Q30 -> 0.0085531971 | K28: =GARCH!J30 -> 0.030484917 | L28: =GARCH!X30 -> 0.0557558 | M28: =GARCH!AE30 -> 0.014568941 | N28: =GARCH!AL30 -> 0.0048880473 | O28: =($D$3*I28*$D$2)+(J28*$D$4*$D$2)+(K28*$D$5*$D$2)+(L28*$F$3*$D$2)+(M28*$F$4*$D$2)+(N28*$F$5*$D$2) -> 111540.24
... H509: =GARCH!AK511 -> 28/02/2025 16:00:00 | I509: =GARCH!C511 -> 0.018951187 | J509: =GARCH!Q511 -> 0.012369722 | K509: =GARCH!J511 -> 0.0168167 | L509: =GARCH!X511 -> 0.015031684 | M509: =GARCH!AE511 -> 0.020138614 | N509: =GARCH!AL511 -> 0.0032381247 | O509: =($D$3*I509*$D$2)+(J509*$D$4*$D$2)+(K509*$D$5*$D$2)+(L509*$F$3*$D$2)+(M509*$F$4*$D$2)+(N509*$F$5*$D$2) -> 72121.693
H510: =GARCH!AK512 -> - | I510: =GARCH!AL512 -> - | K510: - | L510: - | M510: - | N510: - | O510: - | P510: - | Q510: - | R510: - | S510: - | T510: - | U510: - | V510: - | W510: - | X510: - | Y510: - | Z510: =GARCH!BC512 -> 0 | AA510: =GARCH!BD512 -> 0 | AB510: =GARCH!BE512 -> 0 | AC510: =GARCH!BF512 -> 0 | AD510: =GARCH!BG512 -> 0 | AE510: =GARCH!BH512 -> 0 | AF510: =GARCH!BI512 -> 0 | AG510: =GARCH!BJ512 -> 0 | ... AI510: =GARCH!BL512 -> 0
H511: =GARCH!AK513 -> -

Sheet Historical ES
A1: Parameters | D1: Total # of Observations | F1: =E507 -> 502 | I1: ES = | J1: =SUM(F6:F29)/24 -> -124749.65
A2: Confidence Interval = | C2: ='Historical VAR '!D6 -> 0.95 | F2: ES interval = | G2: =F1*(1-C2) -> 25.1
E5: ES
E6: =1 -> 1 | F6: ='Historical VAR '!O365 -> -212072.45
E7: =E6+1 -> 2 | F7: ='Historical VAR '!O366 -> -191525.43
E8: =E7+1 -> 3 | F8: ='Historical VAR '!O486 -> -174508.28
E9: =E8+1 -> 4 | F9: ='Historical VAR '!O387 -> -171592.31
E10: =E9+1 -> 5 | F10: ='Historical VAR '!O174 -> -163669.35
E11: =E10+1 -> 6 | F11: ='Historical VAR '!O354 -> -148028.59
E12: =E11+1 -> 7 | F12: ='Historical VAR '!O504 -> -144317.94
E13: =E12+1 -> 8 | F13: ='Historical VAR '!O462 -> -142796.29
E14: =E13+1 -> 9 | F14: ='Historical VAR '!O359 -> -140562.13
E15: =E14+1 -> 10 | F15: ='Historical VAR '!O431 -> -130968.32
E16: =E15+1 -> 11 | F16: ='Historical VAR '!O367 -> -124216.48
E17: =E16+1 -> 12 | F17: ='Historical VAR '!O508 -> -117994.53
E18: =E17+1 -> 13 | F18: ='Historical VAR '!O152 -> -108160.09
E19: =E18+1 -> 14 | F19: ='Historical VAR '!O505 -> -100962.66
E20: =E19+1 -> 15 | F20: ='Historical VAR '!O123 -> -96918.613
E21: =E20+1 -> 16 | F21: ='Historical VAR '!O173 -> -96374.59
E22: =E21+1 -> 17 | F22: ='Historical VAR '!O130 -> -95012.689
E23: =E22+1 -> 18 | F23: ='Historical VAR '!O290 -> -93616.053
E24: =E23+1 -> 19 | F24: ='Historical VAR '!O390 -> -92161.069
E25: =E24+1 -> 20 | F25: ='Historical VAR '!O149 -> -91137.169
E26: =E25+1 -> 21 | F26: ='Historical VAR '!O23 -> -90493.257
E27: =E26+1 -> 22 | F27: ='Historical VAR '!O360 -> -89736.738
E28: =E27+1 -> 23 | F28: ='Historical VAR '!O212 -> -89528.252
E29: =E28+1 -> 24 | F29: ='Historical VAR '!O46 -> -87638.343
E30: =E29+1 -> 25 | F30: ='Historical VAR '!O219 -> -84885.835
E31: =E30+1 -> 26 | F31: ='Historical VAR '!O477 -> -82807.954
E32: =E31+1 -> 27 | F32: ='Historical VAR '!O15 -> -81527.775
E33: =E32+1 -> 28 | F33: ='Historical VAR '!O490 -> -81223.12
E34: =E33+1 -> 29 | F34: ='Historical VAR '!O301 -> -80128.901
E35: =E34+1 -> 30 | F35: ='Historical VAR '!O429 -> -79761.343
E36: =E35+1 -> 31 | F36: ='Historical VAR '!O114 -> -78863.697
E37: =E36+1 -> 32 | F37: ='Historical VAR '!O437 -> -73642.408
E38: =E37+1 -> 33 | F38: ='Historical VAR '!O411 -> -72992.131
E39: =E38+1 -> 34 | F39: ='Historical VAR '!O170 -> -72277.602
E40: =E39+1 -> 35 | F40: ='Historical VAR '!O283 -> -71972.629
E41: =E40+1 -> 36 | F41: ='Historical VAR '!O350 -> -69162.958
E42: =E41+1 -> 37 | F42: ='Historical VAR '!O248 -> -65770.247
E43: =E42+1 -> 38 | F43: ='Historical VAR '!O448 -> -65336.7
E44: =E43+1 -> 39 | F44: ='Historical VAR '!O14 -> -63737.301
E45: =E44+1 -> 40 | F45: ='Historical VAR '!O342 -> -63544.326
E46: =E45+1 -> 41 | F46: ='Historical VAR '!O495 -> -62992.369
E47: =E46+1 -> 42 | F47: ='Historical VAR '!O313 -> -62701.515
E48: =E47+1 -> 43 | F48: ='Historical VAR '!O18 -> -62422.74
E49: =E48+1 -> 44 | F49: ='Historical VAR '!O12 -> -60921.838
E50: =E49+1 -> 45 | F50: ='Historical VAR '!O294 -> -59597.654
E51: =E50+1 -> 46 | F51: ='Historical VAR '!O84 -> -57473.006
E52: =E51+1 -> 47 | F52: ='Historical VAR '!O440 -> -56800.401
E53: =E52+1 -> 48 | F53: ='Historical VAR '!O202 -> -56797.195
E54: =E53+1 -> 49 | F54: ='Historical VAR '!O157 -> -56474.01
E55: =E54+1 -> 50 | F55: ='Historical VAR '!O423 -> -55831.053
E56: =E55+1 -> 51 | F56: ='Historical VAR '!O239 -> -55782.034
E57: =E56+1 -> 52 | F57: ='Historical VAR '!O474 -> -55409.172
E58: =E57+1 -> 53 | F58: ='Historical VAR '!O200 -> -55307.169
E59: =E58+1 -> 54 | F59: ='Historical VAR '!O51 -> -54673.816
E60: =E59+1 -> 55 | F60: ='Historical VAR '!O324 -> -54626.709
E61: =E60+1 -> 56 | F61: ='Historical VAR '!O289 -> -52660.354
E62: =E61+1 -> 57 | F62: ='Historical VAR '!O265 -> -52269.14
E63: =E62+1 -> 58 | F63: ='Historical VAR '!O355 -> -52184.963
E64: =E63+1 -> 59 | F64: ='Historical VAR '!O469 -> -52017.957
E65: =E64+1 -> 60 | F65: ='Historical VAR '!O463 -> -50962.689
E66: =E65+1 -> 61 | F66: ='Historical VAR '!O145 -> -50952.036
E67: =E66+1 -> 62 | F67: ='Historical VAR '!O468 -> -50736.442
E68: =E67+1 -> 63 | F68: ='Historical VAR '!O458 -> -50514.456
E69: =E68+1 -> 64 | F69: ='Historical VAR '!O353 -> -50252.825
E70: =E69+1 -> 65 | F70: ='Historical VAR '!O71 -> -49912.342
E71: =E70+1 -> 66 | F71: ='Historical VAR '!O95 -> -49911.746
E72: =E71+1 -> 67 | F72: ='Historical VAR '!O169 -> -49891.68
E73: =E72+1 -> 68 | F73: ='Historical VAR '!O221 -> -48837.577
E74: =E73+1 -> 69 | F74: ='Historical VAR '!O50 -> -47890.205
E75: =E74+1 -> 70 | F75: ='Historical VAR '!O293 -> -47278.02
E76: =E75+1 -> 71 | F76: ='Historical VAR '!O251 -> -45775.652
E77: =E76+1 -> 72 | F77: ='Historical VAR '!O262 -> -45387.268
E78: =E77+1 -> 73 | F78: ='Historical VAR '!O124 -> -45380.769
E79: =E78+1 -> 74 | F79: ='Historical VAR '!O503 -> -44775.182
E80: =E79+1 -> 75 | F80: ='Historical VAR '!O333 -> -44433.734
E81: =E80+1 -> 76 | F81: ='Historical VAR '!O33 -> -44311.783
E82: =E81+1 -> 77 | F82: ='Historical VAR '!O20 -> -44096.719
E83: =E82+1 -> 78 | F83: ='Historical VAR '!O83 -> -44046.876
E84: =E83+1 -> 79 | F84: ='Historical VAR '!O171 -> -43884.942
E85: =E84+1 -> 80 | F85: ='Historical VAR '!O436 -> -43830.293
E86: =E85+1 -> 81 | F86: ='Historical VAR '!O384 -> -43672.905
E87: =E86+1 -> 82 | F87: ='Historical VAR '!O252 -> -42455.63
E88: =E87+1 -> 83 | F88: ='Historical VAR '!O380 -> -41984.859
E89: =E88+1 -> 84 | F89: ='Historical VAR '!O8 -> -41049.865
E90: =E89+1 -> 85 | F90: ='Historical VAR '!O168 -> -40733.441
E91: =E90+1 -> 86 | F91: ='Historical VAR '!O456 -> -40477.912
E92: =E91+1 -> 87 | F92: ='Historical VAR '!O321 -> -40233.032
E93: =E92+1 -> 88 | F93: ='Historical VAR '!O455 -> -39882.186
E94: =E93+1 -> 89 | F94: ='Historical VAR '!O413 -> -39507.864
E95: =E94+1 -> 90 | F95: ='Historical VAR '!O138 -> -39465.939
E96: =E95+1 -> 91 | F96: ='Historical VAR '!O270 -> -39076.004
E97: =E96+1 -> 92 | F97: ='Historical VAR '!O188 -> -38764.736
E98: =E97+1 -> 93 | F98: ='Historical VAR '!O363 -> -38649.292
E99: =E98+1 -> 94 | F99: ='Historical VAR '!O37 -> -38374.134
E100: =E99+1 -> 95 | F100: ='Historical VAR '!O52 -> -38290.142
E101: =E100+1 -> 96 | F101: ='Historical VAR '!O317 -> -38257.159
E102: =E101+1 -> 97 | F102: ='Historical VAR '!O388 -> -37048.855
...

Sheet NormalDistribution VAR & ES (1)
T1: Parameters | V1: Portfolio Value = | X1: =5000000 -> 5000000 | Y1: Portfolio Variance = | AB1: =U19 -> 0.00012069704
T2: AAPL Weight | V2: =1/6 -> 0.16666667 | W2: WDC Weight | X2: =1/6 -> 0.16666667 | Y2: Portfolio Standard deviation = | AB2: =V22 -> 0.01098622
D3: Daily Growth Table | L3: Mean Table | T3: AMZN Weight | V3: =1/6 -> 0.16666667 | W3: MA Weight | X3: =1/6 -> 0.16666667 | Y3: Confidence interval = | AB3: =99% -> 0.99
D4: ='Correlation Matrix'!B3 -> Date | E4: ='Correlation Matrix'!C3 -> APPL | F4: ='Correlation Matrix'!D3 -> AMZN | G4: ='Correlation Matrix'!E3 -> CVX | H4: ='Correlation Matrix'!F3 -> WDC | I4: ='Correlation Matrix'!G3 -> MA | J4: ='Correlation Matrix'!H3 -> CEG | L4: =E4 -> APPL | M4: =F4 -> AMZN | N4: =G4 -> CVX | O4: =H4 -> WDC | P4: =I4 -> MA | Q4: =J4 -> CEG | R4: Portfolio | T4: CVX Weight | V4: =1/6 -> 0.16666667 | W4: CEG Weight | X4: =1/6 -> 0.16666667 | Y4: VAR = | AB4: =X1*(R5-2.326*R10) -> -223436.81
D5: ='Correlation Matrix'!B4 -> 01/03/2023 16:00:00 | E5: ='Correlation Matrix'!C4 -> -0.013126599 | F5: ='Correlation Matrix'!D4 -> -0.022103904 | G5: ='Correlation Matrix'!E4 -> 0.0079301574 | H5: ='Correlation Matrix'!F4 -> -0.0096719234 | I5: ='Correlation Matrix'!G4 -> -0.0050508721 | J5: ='Correlation Matrix'!H4 -> -0.0072366974 | L5: =AVERAGE(E5:E506) -> 0.0009886063 | M5: =AVERAGE(F5:F506) -> 0.0016178637 | N5: =AVERAGE(G5:G506) -> -2.6819457e-05 | O5: =AVERAGE(H5:H506) -> 0.0010358491 | P5: =AVERAGE(I5:I506) -> 0.00096356843 | Q5: =AVERAGE(J5:J506) -> 0.0024056536 | R5: =AVERAGE(E5:J506) -> 0.0011641203 | Y5: ES = | AB5: =X1*(R5-(_xlfn.NORM.DIST(2.326,0,1,FALSE)/0.01*R10)) -> -257083.43
D6: ='Correlation Matrix'!B5 -> 02/03/2023 16:00:00 | E6: ='Correlation Matrix'!C5 -> 0.0041206019 | F6: ='Correlation Matrix'!D5 -> -0.00043407488 | G6: ='Correlation Matrix'!E5 -> 0.0031422348 | H6: ='Correlation Matrix'!F5 -> 0.006918049 | I6: ='Correlation Matrix'!G5 -> 0.0058386503 | J6: ='Correlation Matrix'!H5 -> 0.024315288
D7: ='Correlation Matrix'!B6 -> 03/03/2023 16:00:00 | E7: ='Correlation Matrix'!C6 -> 0.034488499 | F7: ='Correlation Matrix'!D6 -> 0.029623082 | G7: ='Correlation Matrix'!E6 -> 0.014655856 | H7: ='Correlation Matrix'!F6 -> 0.0055001857 | I7: ='Correlation Matrix'!G6 -> 0.016539906 | J7: ='Correlation Matrix'!H6 -> 0.036095695
D8: ='Correlation Matrix'!B7 -> 06/03/2023 16:00:00 | E8: ='Correlation Matrix'!C7 -> 0.018369604 | F8: ='Correlation Matrix'!D7 -> -0.012192041 | G8: ='Correlation Matrix'!E7 -> 0.0073083404 | H8: ='Correlation Matrix'!F7 -> -0.021133646 | I8: ='Correlation Matrix'!G7 -> 0.014909053 | J8: ='Correlation Matrix'!H7 -> -0.002281659 | L8: Standard Deviation Table
D9: ='Correlation Matrix'!B8 -> 07/03/2023 16:00:00 | E9: ='Correlation Matrix'!C8 -> -0.014602623 | F9: ='Correlation Matrix'!D8 -> -0.0021356121 | G9: ='Correlation Matrix'!E8 -> -0.012962023 | H9: ='Correlation Matrix'!F8 -> -0.01268516 | I9: ='Correlation Matrix'!G8 -> -0.019233743 | J9: ='Correlation Matrix'!H8 -> -0.011487044 | L9: =L4 -> APPL | M9: =M4 -> AMZN | N9: =N4 -> CVX | O9: =O4 -> WDC | P9: =P4 -> MA | Q9: =Q4 -> CEG | R9: Portfolio
D10: ='Correlation Matrix'!B9 -> 08/03/2023 16:00:00 | E10: ='Correlation Matrix'!C9 -> 0.0083424138 | F10: ='Correlation Matrix'!D9 -> 0.0039473034 | G10: ='Correlation Matrix'!E9 -> -0.0063604887 | H10: ='Correlation Matrix'!F9 -> 0.015831465 | I10: ='Correlation Matrix'!G9 -> -0.0025314004 | J10: ='Correlation Matrix'!H9 -> 0.0021799073 | L10: =STDEV(E5:E506) -> 0.013660435 | M10: =STDEV(F5:F506) -> 0.018249595 | N10: =STDEV(G5:G506) -> 0.013069713 | O10: =STDEV(H5:H506) -> 0.023985773 | P10: =STDEV(I5:I506) -> 0.010371715 | Q10: =STDEV(J5:J506) -> 0.030964064 | R10: =STDEV(E5:J506) -> 0.019712589
D11: ='Correlation Matrix'!B10 -> 09/03/2023 16:00:00 | E11: ='Correlation Matrix'!C10 -> -0.015026975 | F11: ='Correlation Matrix'!D10 -> -0.017941073 | G11: ='Correlation Matrix'!E10 -> -0.015332603 | H11: ='Correlation Matrix'!F10 -> -0.022591854 | I11: ='Correlation Matrix'!G10 -> -0.012866871 | J11: ='Correlation Matrix'!H10 -> 0.0072746157 | AA11: Weight Vector 2
D12: ='Correlation Matrix'!B11 -> 10/03/2023 16:00:00 | E12: ='Correlation Matrix'!C11 -> -0.013975954 | F12: ='Correlation Matrix'!D11 -> -0.01661422 | G12: ='Correlation Matrix'!E11 -> -0.0052470606 | H12: ='Correlation Matrix'!F11 -> -0.027141163 | I12: ='Correlation Matrix'!G11 -> -0.020897347 | J12: ='Correlation Matrix'!H11 -> -0.013957586 | T12: Weight Vector 1 | AA12: AAPL | AB12: =V2 -> 0.16666667
D13: ='Correlation Matrix'!B12 -> 13/03/2023 16:00:00 | E13: ='Correlation Matrix'!C12 -> 0.013178771 | F13: ='Correlation Matrix'!D12 -> 0.018563538 | G13: ='Correlation Matrix'!E12 -> -0.0060305478 | H13: ='Correlation Matrix'!F12 -> -0.020756861 | I13: ='Correlation Matrix'!G12 -> -0.0069382488 | J13: ='Correlation Matrix'!H12 -> -0.0058196091 | L13: Covariance Matrix | T13: AAPL | U13: AMZN | V13: CVX | W13: WDC | X13: MA | Y13: CEG | AA13: AMZN | AB13: =V3 -> 0.16666667
D14: ='Correlation Matrix'!B13 -> 14/03/2023 16:00:00 | E14: ='Correlation Matrix'!C13 -> 0.013990857 | F14: ='Correlation Matrix'!D13 -> 0.026161334 | G14: ='Correlation Matrix'!E13 -> 0.012833932 | H14: ='Correlation Matrix'!F13 -> -0.0011242272 | I14: ='Correlation Matrix'!G13 -> 0.023254528 | J14: ='Correlation Matrix'!H13 -> 0.010707707 | M14: AAPL | N14: AMZN | O14: CVX | P14: WDC | Q14: MA | R14: CEG | T14: =V2 -> 0.16666667 | U14: =V3 -> 0.16666667 | V14: =V4 -> 0.16666667 | W14: =X2 -> 0.16666667 | X14: =X3 -> 0.16666667 | Y14: =X4 -> 0.16666667 | AA14: CVX | AB14: =V4 -> 0.16666667
D15: ='Correlation Matrix'!B14 -> 15/03/2023 16:00:00 | E15: ='Correlation Matrix'!C14 -> 0.0026179739 | F15: ='Correlation Matrix'!D14 -> 0.013816422 | G15: ='Correlation Matrix'!E14 -> -0.044259513 | H15: ='Correlation Matrix'!F14 -> -0.02582749 | I15: ='Correlation Matrix'!G14 -> -0.013525673 | J15: ='Correlation Matrix'!H14 -> -0.0077290092 | L15: AAPL | M15: =VARP('NormalDistribution VAR & ES (1)'!$E$5:$E$506) -> 0.00018623575 | N15: 9.0958494e-05 | O15: 1.1570811e-05 | P15: 6.3801333e-05 | Q15: 4.0826487e-05 | R15: 1.8047122e-05 | AA15: WDC | AB15: =X2 -> 0.16666667
D16: ='Correlation Matrix'!B15 -> 16/03/2023 16:00:00 | E16: ='Correlation Matrix'!C15 -> 0.018521446 | F16: ='Correlation Matrix'!D15 -> 0.039140748 | G16: ='Correlation Matrix'!E15 -> 0.0031808914 | H16: ='Correlation Matrix'!F15 -> 0.027326178 | I16: ='Correlation Matrix'!G15 -> -0.00022985864 | J16: ='Correlation Matrix'!H15 -> 0.014124529 | L16: AMZN | M16: 9.0958494e-05 | N16: =VARP('NormalDistribution VAR & ES (1)'!$F$5:$F$506) -> 0.00033238428 | O16: 4.634681e-06 | P16: 0.00014406017 | Q16: 5.8374327e-05 | R16: 0.00011469938 | AA16: MA | AB16: =X3 -> 0.16666667
D17: ='Correlation Matrix'!B16 -> 17/03/2023 16:00:00 | E17: ='Correlation Matrix'!C16 -> -0.0054688893 | F17: ='Correlation Matrix'!D16 -> -0.010955434 | G17: ='Correlation Matrix'!E16 -> -0.012719084 | H17: ='Correlation Matrix'!F16 -> -0.0071388618 | I17: ='Correlation Matrix'!G16 -> 0.004758774 | J17: ='Correlation Matrix'!H16 -> -0.021392568 | L17: CVX | M17: 1.1570811e-05 | N17: 4.634681e-06 | O17: =VARP('NormalDistribution VAR & ES (1)'!$G$5:$G$506) -> 0.00017047714 | P17: 3.4143955e-05 | Q17: 2.7872549e-05 | R17: 4.2533454e-05 | S17: Result (1) = | T17: {=MMULT(T14:Y14,M15:R20)} -> 6.8573333e-05 | U17: 0.00012418522 | V17: 4.8538764e-05 | W17: 0.00018986755 | X17: 5.5416069e-05 | Y17: 0.00023760128 | AA17: CEG | AB17: =X4 -> 0.16666667
D18: ='Correlation Matrix'!B17 -> 20/03/2023 16:00:00 | E18: ='Correlation Matrix'!C17 -> 0.015365219 | F18: ='Correlation Matrix'!D17 -> -0.012610764 | G18: ='Correlation Matrix'!E17 -> 0.014596897 | H18: ='Correlation Matrix'!F17 -> 0.0033879197 | I18: ='Correlation Matrix'!G17 -> -0.00097284622 | J18: ='Correlation Matrix'!H17 -> 0.002991483 | L18: WDC | M18: 6.3801333e-05 | N18: 0.00014406017 | O18: 3.4143955e-05 | P18: =VARP('NormalDistribution VAR & ES (1)'!$H$5:$H$506) -> 0.00057417123 | Q18: 6.3814531e-05 | R18: 0.00025921409
D19: ='Correlation Matrix'!B18 -> 21/03/2023 16:00:00 | E19: ='Correlation Matrix'!C18 -> 0.011873324 | F19: ='Correlation Matrix'!D18 -> 0.029247748 | G19: ='Correlation Matrix'!E18 -> 0.030140228 | H19: ='Correlation Matrix'!F18 -> 0.0074878673 | I19: ='Correlation Matrix'!G18 -> 0.01491738 | J19: ='Correlation Matrix'!H18 -> -0.0062532773 | L19: MA | M19: 4.0826487e-05 | N19: 5.8374327e-05 | O19: 2.7872549e-05 | P19: 6.3814531e-05 | Q19: =VARP('NormalDistribution VAR & ES (1)'!$I$5:$I$506) -> 0.00010735819 | R19: 3.425033e-05 | S19: Portfolio Variance = | U19: {=MMULT(_xlfn.ANCHORARRAY(T17),AB12:AB17)} -> 0.00012069704
D20: ='Correlation Matrix'!B19 -> 22/03/2023 16:00:00 | E20: ='Correlation Matrix'!C19 -> -0.0091451553 | F20: ='Correlation Matrix'!D19 -> -0.01916671 | G20: ='Correlation Matrix'!E19 -> -0.020547365 | H20: ='Correlation Matrix'!F19 -> -0.021871158 | I20: ='Correlation Matrix'!G19 -> -0.010034098 | J20: ='Correlation Matrix'!H19 -> -0.027827422 | L20: CEG | M20: 1.8047122e-05 | N20: 0.00011469938 | O20: 4.2533454e-05 | P20: 0.00025921409 | Q20: 3.425033e-05 | R20: =VARP('NormalDistribution VAR & ES (1)'!$J$5:$J$506) -> 0.00095686332
D21: ='Correlation Matrix'!B20 -> 23/03/2023 16:00:00 | E21: ='Correlation Matrix'!C20 -> 0.0069453493 | F21: ='Correlation Matrix'!D20 -> 0.00010131199 | G21: ='Correlation Matrix'!E20 -> -0.0099810868 | H21: ='Correlation Matrix'!F20 -> 0.016260521 | I21: ='Correlation Matrix'!G20 -> 0.0094698751 | J21: ='Correlation Matrix'!H20 -> -0.013800787
D22: ='Correlation Matrix'!B21 -> 24/03/2023 16:00:00 | E22: ='Correlation Matrix'!C21 -> 0.0082712421 | F22: ='Correlation Matrix'!D21 -> -0.0058931282 | G22: ='Correlation Matrix'!E21 -> 0.0099170109 | H22: ='Correlation Matrix'!F21 -> -0.00037516414 | I22: ='Correlation Matrix'!G21 -> -0.0077620786 | J22: ='Correlation Matrix'!H21 -> 0.00054481069 | S22: Portfolio Standard deviation = | V22: =SQRT(U19) -> 0.01098622
D23: ='Correlation Matrix'!B22 -> 27/03/2023 16:00:00 | E23: ='Correlation Matrix'!C22 -> -0.012369479 | F23: ='Correlation Matrix'!D22 -> -0.00091757156 | G23: ='Correlation Matrix'!E22 -> 0.010136837 | H23: ='Correlation Matrix'!F22 -> -0.0015020656 | I23: ='Correlation Matrix'!G22 -> 0.0084673072 | J23: ='Correlation Matrix'!H22 -> 0.024612903
D24: ='Correlation Matrix'!B23 -> 28/03/2023 16:00:00 | E24: ='Correlation Matrix'!C23 -> -0.0039882305 | F24: ='Correlation Matrix'!D23 -> -0.0081934092 | G24: ='Correlation Matrix'!E23 -> 0.011603838 | H24: ='Correlation Matrix'!F23 -> -0.017055558 | I24: ='Correlation Matrix'!G23 -> -0.00081811134 | J24: ='Correlation Matrix'!H23 -> 0.0031834488
D25: ='Correlation Matrix'!B24 -> 29/03/2023 16:00:00 | E25: ='Correlation Matrix'!C24 -> 0.019597386 | F25: ='Correlation Matrix'!D24 -> 0.030484917 | G25: ='Correlation Matrix'!E24 -> 0.0085531971 | H25: ='Correlation Matrix'!F24 -> 0.0557558 | I25: ='Correlation Matrix'!G24 -> 0.014568941 | J25: ='Correlation Matrix'!H24 -> 0.0048880473
D26: ='Correlation Matrix'!B25 -> 30/03/2023 16:00:00 | E26: ='Correlation Matrix'!C25 -> 0.0098413198 | F26: ='Correlation Matrix'!D25 -> 0.017305747 | G26: ='Correlation Matrix'!E25 -> 0.009466428 | H26: ='Correlation Matrix'!F25 -> 0.01862518 | I26: ='Correlation Matrix'!G25 -> -0.00075126257 | J26: ='Correlation Matrix'!H25 -> 0.012311878
D27: ='Correlation Matrix'!B26 -> 31/03/2023 16:00:00 | E27: ='Correlation Matrix'!C26 -> 0.015523138 | F27: ='Correlation Matrix'!D26 -> 0.012567753 | G27: ='Correlation Matrix'!E26 -> 0.004730465 | H27: ='Correlation Matrix'!F26 -> 0.010238395 | I27: ='Correlation Matrix'!G26 -> 0.011485313 | J27: ='Correlation Matrix'!H26 -> 0.021633602
D28: ='Correlation Matrix'!B27 -> 03/04/2023 16:00:00 | E28: ='Correlation Matrix'!C27 -> 0.0076721311 | F28: ='Correlation Matrix'!D27 -> -0.0085562019 | G28: ='Correlation Matrix'!E27 -> 0.040772962 | H28: ='Correlation Matrix'!F27 -> -0.012369834 | I28: ='Correlation Matrix'!G27 -> 0.0083849891 | J28: ='Correlation Matrix'!H27 -> -0.024240486
D29: ='Correlation Matrix'!B28 -> 04/04/2023 16:00:00 | E29: ='Correlation Matrix'!C28 -> -0.0032549757 | F29: ='Correlation Matrix'!D28 -> 0.01492565 | G29: ='Correlation Matrix'!E28 -> -0.0053689028 | H29: ='Correlation Matrix'!F28 -> -0.034367644 | I29: ='Correlation Matrix'!G28 -> -0.007037558 | J29: ='Correlation Matrix'!H28 -> -0.0078616757
D30: ='Correlation Matrix'!B29 -> 05/04/2023 16:00:00 | E30: ='Correlation Matrix'!C29 -> -0.011354444 | F30: ='Correlation Matrix'!D29 -> -0.027799888 | G30: ='Correlation Matrix'!E29 -> 0.0049569321 | H30: ='Correlation Matrix'!F29 -> -0.02496869 | I30: ='Correlation Matrix'!G29 -> -0.00030232654 | J30: ='Correlation Matrix'!H29 -> 0.0062942773
D31: ='Correlation Matrix'!B30 -> 06/04/2023 16:00:00 | E31: ='Correlation Matrix'!C30 -> 0.0054808005 | F31: ='Correlation Matrix'!D30 -> 0.0094507496 | G31: ='Correlation Matrix'!E30 -> -0.013213833 | H31: ='Correlation Matrix'!F30 -> 0.0026380268 | I31: ='Correlation Matrix'!G30 -> -0.0063977275 | J31: ='Correlation Matrix'!H30 -> 0.0059950655
D32: ='Correlation Matrix'!B31 -> 10/04/2023 16:00:00 | E32: ='Correlation Matrix'!C31 -> -0.016101239 | F32: ='Correlation Matrix'!D31 -> 0.001077217 | G32: ='Correlation Matrix'!E31 -> 0.0038102088 | H32: ='Correlation Matrix'!F31 -> 0.078855007 | I32: ='Correlation Matrix'!G31 -> -0.0036862059 | J32: ='Correlation Matrix'!H31 -> 0.0047961723
D33: ='Correlation Matrix'!B32 -> 11/04/2023 16:00:00 | E33: ='Correlation Matrix'!C32 -> -0.0076201465 | F33: ='Correlation Matrix'!D32 -> -0.022268227 | G33: ='Correlation Matrix'!E32 -> 0.0055109618 | H33: ='Correlation Matrix'!F32 -> 0.0086580627 | I33: ='Correlation Matrix'!G32 -> 0.011018102 | J33: ='Correlation Matrix'!H32 -> 0.0011631665
D34: ='Correlation Matrix'!B33 -> 12/04/2023 16:00:00 | E34: ='Correlation Matrix'!C33 -> -0.0043627367 | F34: ='Correlation Matrix'!D33 -> -0.021138587 | G34: ='Correlation Matrix'!E33 -> 0.0035394091 | H34: ='Correlation Matrix'!F33 -> -0.0097020858 | I34: ='Correlation Matrix'!G33 -> -0.0064746545 | J34: ='Correlation Matrix'!H33 -> -0.0079103051
... D506: ='Correlation Matrix'!B505 -> 28/02/2025 16:00:00 | E506: ='Correlation Matrix'!C505 -> 0.018951187 | F506: ='Correlation Matrix'!D505 -> 0.0168167 | G506: ='Correlation Matrix'!E505 -> 0.012369722 | H506: ='Correlation Matrix'!F505 -> 0.015031684 | I506: ='Correlation Matrix'!G505 -> 0.020138614 | J506: ='Correlation Matrix'!H505 -> 0.0032381247
D507: ='Correlation Matrix'!B506 -> - | E507: - | F507: ='Correlation Matrix'!D506 -> - | G507: ='Correlation Matrix'!E506 -> - | H507: ='Correlation Matrix'!F506 -> - | I507: ='Correlation Matrix'!G506 -> - | J507: ='Correlation Matrix'!H506 -> -

Sheet Marginal VAR
A2: VAR =
